START_TIME,COMPLEX_NO,DATA_SYSTEM_CODE,BANK_CODE,VERSION,MS_SYSTEM_CODE,EN_CODE,DATA_LEN,PROTOCOL_TYPE,REQUEST_TYPE,CLIENT_IP,SERIAL_NO,EXT_DATA,UNIQUE_NO,USER_DATA
07:01:06,085,21.160.31.145-KS-070105,cbip,003,0301,cbip, ,320,3,ApplyAddrHandler,21.160.31.145,070105, ,7C93D84F760A4DC9A462A8072602E460,<?xml version="1.0" encoding="UTF-8"?><req><socketIp></socketIp><socketPort></socketPort><ftpIp></ftpIp><ftpPort></ftpPort><ftpPath></ftpPath><originaltext>01234567890123456789012345678901234567</originaltext><ciphertext>4f598233c4e86579231924378219a9a0e94b621a94514659948da7d76555316432af41beca3db260</ciphertext></req>
07:01:06,162,21.160.31.145-KS-070105,cbip,003,0301,cbip, ,128,2,ContentExist,21.160.31.145,070105, ,CDE8B06E26464F458CE3104E9BCD88F2,<?xml version="1.0" encoding="UTF-8"?><req><dataType>0105</dataType><uniqMetadata>420102198401153116|����</uniqMetadata></req>
07:03:42,769,21.160.31.145-KS-070342,cbip,003,0301,cbip, ,320,3,ApplyAddrHandler,21.160.31.145,070342, ,D335CBD778414B22B856BB29A2F13516,<?xml version="1.0" encoding="UTF-8"?><req><socketIp></socketIp><socketPort></socketPort><ftpIp></ftpIp><ftpPort></ftpPort><ftpPath></ftpPath><originaltext>01234567890123456789012345678901234567</originaltext><ciphertext>4f598233c4e86579231924378219a9a0e94b621a94514659948da7d76555316432af41beca3db260</ciphertext></req>
07:03:42,844,21.160.31.145-KS-070342,cbip,003,0301,cbip, ,131,2,ContentExist,21.160.31.145,070342, ,089C5316209243E4ADEBB4B643827119,<?xml version="1.0" encoding="UTF-8"?><req><dataType>0105</dataType><uniqMetadata>420821199502093038|��־��</uniqMetadata></req>
07:05:06,481,21.160.31.145-KS-070506,cbip,003,0301,cbip, ,320,3,ApplyAddrHandler,21.160.31.145,070506, ,FC7025E4FDCB4B4EA7FE79DEF61767B4,<?xml version="1.0" encoding="UTF-8"?><req><socketIp></socketIp><socketPort></socketPort><ftpIp></ftpIp><ftpPort></ftpPort><ftpPath></ftpPath><originaltext>01234567890123456789012345678901234567</originaltext><ciphertext>4f598233c4e86579231924378219a9a0e94b621a94514659948da7d76555316432af41beca3db260</ciphertext></req>
07:05:06,559,21.160.31.145-KS-070506,cbip,003,0301,cbip, ,131,2,ContentExist,21.160.31.145,070506, ,30D27ECE6BBD45BABE8B48A761C38272,<?xml version="1.0" encoding="UTF-8"?><req><dataType>0105</dataType><uniqMetadata>330621196411172770|��ˮ��</uniqMetadata></req>
07:06:51,134,21.160.31.145-KS-070650,cbip,003,0301,cbip, ,320,3,ApplyAddrHandler,21.160.31.145,070650, ,10969C368C334353B7AD8C4747FAB245,<?xml version="1.0" encoding="UTF-8"?><req><socketIp></socketIp><socketPort></socketPort><ftpIp></ftpIp><ftpPort></ftpPort><ftpPath></ftpPath><originaltext>01234567890123456789012345678901234567</originaltext><ciphertext>4f598233c4e86579231924378219a9a0e94b621a94514659948da7d76555316432af41beca3db260</ciphertext></req>
07:06:51,209,21.160.31.145-KS-070650,cbip,003,0301,cbip, ,131,2,ContentExist,21.160.31.145,070650, ,9DB6F9B6379C4A4C92CC3BC26692FB3B,<?xml version="1.0" encoding="UTF-8"?><req><dataType>0105</dataType><uniqMetadata>421022196110213037|�Ϸ���</uniqMetadata></req>
07:07:41,083,21.160.31.151-KS-070740,cbip,003,0301,cbip, ,320,3,ApplyAddrHandler,21.160.31.151,070740, ,3B650F74821443F498B476CA78564D54,<?xml version="1.0" encoding="UTF-8"?><req><socketIp></socketIp><socketPort></socketPort><ftpIp></ftpIp><ftpPort></ftpPort><ftpPath></ftpPath><originaltext>01234567890123456789012345678901234567</originaltext><ciphertext>4f598233c4e86579231924378219a9a0e94b621a94514659948da7d76555316432af41beca3db260</ciphertext></req>
07:07:41,158,21.160.31.151-KS-070740,cbip,003,0301,cbip, ,128,2,ContentExist,21.160.31.151,070740, ,EBF15DB6C6E84A0C8FE64451C70C8AA3,<?xml version="1.0" encoding="UTF-8"?><req><dataType>0105</dataType><uniqMetadata>42010619660210507X|�ɳ�</uniqMetadata></req>
07:07:55,826,21.160.31.145-KS-070755,cbip,003,0301,cbip, ,320,3,ApplyAddrHandler,21.160.31.145,070755, ,D1E4D1BBC5F24C00AAED87F285C88B8E,<?xml version="1.0" encoding="UTF-8"?><req><socketIp></socketIp><socketPort></socketPort><ftpIp></ftpIp><ftpPort></ftpPort><ftpPath></ftpPath><originaltext>01234567890123456789012345678901234567</originaltext><ciphertext>4f598233c4e86579231924378219a9a0e94b621a94514659948da7d76555316432af41beca3db260</ciphertext></req>
07:07:55,901,21.160.31.145-KS-070755,cbip,003,0301,cbip, ,131,2,ContentExist,21.160.31.145,070755, ,5D9B2E49A58B4A369C1FEDEE03BEB18F,<?xml version="1.0" encoding="UTF-8"?><req><dataType>0105</dataType><uniqMetadata>420624198604065154|��˼��</uniqMetadata></req>
07:09:13,392,21.160.31.151-KS-070913,cbip,003,0301,cbip, ,320,3,ApplyAddrHandler,21.160.31.151,070913, ,6AD13ECA4B7148108882B3BFCF387043,<?xml version="1.0" encoding="UTF-8"?><req><socketIp></socketIp><socketPort></socketPort><ftpIp></ftpIp><ftpPort></ftpPort><ftpPath></ftpPath><originaltext>01234567890123456789012345678901234567</originaltext><ciphertext>4f598233c4e86579231924378219a9a0e94b621a94514659948da7d76555316432af41beca3db260</ciphertext></req>
07:09:13,468,21.160.31.151-KS-070913,cbip,003,0301,cbip, ,131,2,ContentExist,21.160.31.151,070913, ,0B37115B7A654736A817CE9C50BE89F0,<?xml version="1.0" encoding="UTF-8"?><req><dataType>0105</dataType><uniqMetadata>422802198503275042|�����</uniqMetadata></req>
07:09:16,390,21.160.31.145-KS-070916,cbip,003,0301,cbip, ,320,3,ApplyAddrHandler,21.160.31.145,070916, ,595DDE3F74AD4EABA32D38DA037F9B17,<?xml version="1.0" encoding="UTF-8"?><req><socketIp></socketIp><socketPort></socketPort><ftpIp></ftpIp><ftpPort></ftpPort><ftpPath></ftpPath><originaltext>01234567890123456789012345678901234567</originaltext><ciphertext>4f598233c4e86579231924378219a9a0e94b621a94514659948da7d76555316432af41beca3db260</ciphertext></req>
07:09:16,465,21.160.31.145-KS-070916,cbip,003,0301,cbip, ,128,2,ContentExist,21.160.31.145,070916, ,0DEC59A1439E4F3B97EFD8CD790BE0A0,<?xml version="1.0" encoding="UTF-8"?><req><dataType>0105</dataType><uniqMetadata>420323199206284433|����</uniqMetadata></req>
07:10:28,512,21.160.31.151-KS-071028,cbip,003,0301,cbip, ,320,3,ApplyAddrHandler,21.160.31.151,071028, ,F7F1FF6AEFC74CEAB4392C17EEE64A2A,<?xml version="1.0" encoding="UTF-8"?><req><socketIp></socketIp><socketPort></socketPort><ftpIp></ftpIp><ftpPort></ftpPort><ftpPath></ftpPath><originaltext>01234567890123456789012345678901234567</originaltext><ciphertext>4f598233c4e86579231924378219a9a0e94b621a94514659948da7d76555316432af41beca3db260</ciphertext></req>
07:10:28,588,21.160.31.151-KS-071028,cbip,003,0301,cbip, ,128,2,ContentExist,21.160.31.151,071028, ,E675FF4129F94A29B90AA2D1DFF59E0A,<?xml version="1.0" encoding="UTF-8"?><req><dataType>0105</dataType><uniqMetadata>422801199409183422|����</uniqMetadata></req>
07:10:47,756,21.160.31.145-KS-071047,cbip,003,0301,cbip, ,320,3,ApplyAddrHandler,21.160.31.145,071047, ,9C5742A13D6D439D99188EA833334094,<?xml version="1.0" encoding="UTF-8"?><req><socketIp></socketIp><socketPort></socketPort><ftpIp></ftpIp><ftpPort></ftpPort><ftpPath></ftpPath><originaltext>01234567890123456789012345678901234567</originaltext><ciphertext>4f598233c4e86579231924378219a9a0e94b621a94514659948da7d76555316432af41beca3db260</ciphertext></req>
07:10:47,831,21.160.31.145-KS-071047,cbip,003,0301,cbip, ,128,2,ContentExist,21.160.31.145,071047, ,4A54C0BAAF5D4B4BB482403E095FE639,<?xml version="1.0" encoding="UTF-8"?><req><dataType>0105</dataType><uniqMetadata>421081198512200668|��ΰ</uniqMetadata></req>
07:12:08,295,21.160.31.151-KS-071208,cbip,003,0301,cbip, ,320,3,ApplyAddrHandler,21.160.31.151,071208, ,6EFD9FEA885F485F9B6FBAC89E6CD186,<?xml version="1.0" encoding="UTF-8"?><req><socketIp></socketIp><socketPort></socketPort><ftpIp></ftpIp><ftpPort></ftpPort><ftpPath></ftpPath><originaltext>01234567890123456789012345678901234567</originaltext><ciphertext>4f598233c4e86579231924378219a9a0e94b621a94514659948da7d76555316432af41beca3db260</ciphertext></req>
07:12:08,370,21.160.31.151-KS-071208,cbip,003,0301,cbip, ,131,2,ContentExist,21.160.31.151,071208, ,9B7CE59190EB412AB78ACCA760010CC7,<?xml version="1.0" encoding="UTF-8"?><req><dataType>0105</dataType><uniqMetadata>422825199201220061|��˼��</uniqMetadata></req>
07:12:50,173,21.160.31.145-KS-071250,cbip,003,0301,cbip, ,320,3,ApplyAddrHandler,21.160.31.145,071250, ,7116B22531C0493C9F52251923195643,<?xml version="1.0" encoding="UTF-8"?><req><socketIp></socketIp><socketPort></socketPort><ftpIp></ftpIp><ftpPort></ftpPort><ftpPath></ftpPath><originaltext>01234567890123456789012345678901234567</originaltext><ciphertext>4f598233c4e86579231924378219a9a0e94b621a94514659948da7d76555316432af41beca3db260</ciphertext></req>
07:12:50,248,21.160.31.145-KS-071250,cbip,003,0301,cbip, ,131,2,ContentExist,21.160.31.145,071250, ,64D688F78D1C49F8A69930112782BF37,<?xml version="1.0" encoding="UTF-8"?><req><dataType>0105</dataType><uniqMetadata>420323197406014420|������</uniqMetadata></req>
07:13:21,678,21.160.31.151-KS-071321,cbip,003,0301,cbip, ,320,3,ApplyAddrHandler,21.160.31.151,071321, ,06F0ECDA6DA3449EBA5D7A1EDF37B959,<?xml version="1.0" encoding="UTF-8"?><req><socketIp></socketIp><socketPort></socketPort><ftpIp></ftpIp><ftpPort></ftpPort><ftpPath></ftpPath><originaltext>01234567890123456789012345678901234567</originaltext><ciphertext>4f598233c4e86579231924378219a9a0e94b621a94514659948da7d76555316432af41beca3db260</ciphertext></req>
07:13:21,753,21.160.31.151-KS-071321,cbip,003,0301,cbip, ,131,2,ContentExist,21.160.31.151,071321, ,05861E4A5A73404F9EDADB932F1D6948,<?xml version="1.0" encoding="UTF-8"?><req><dataType>0105</dataType><uniqMetadata>422801195604023661|��ƽ��</uniqMetadata></req>
07:13:42,275,21.160.31.145-KS-071342,cbip,003,0301,cbip, ,320,3,ApplyAddrHandler,21.160.31.145,071342, ,D899D53BEFF24B78A3C8044865467AC5,<?xml version="1.0" encoding="UTF-8"?><req><socketIp></socketIp><socketPort></socketPort><ftpIp></ftpIp><ftpPort></ftpPort><ftpPath></ftpPath><originaltext>01234567890123456789012345678901234567</originaltext><ciphertext>4f598233c4e86579231924378219a9a0e94b621a94514659948da7d76555316432af41beca3db260</ciphertext></req>
07:13:42,350,21.160.31.145-KS-071342,cbip,003,0301,cbip, ,131,2,ContentExist,21.160.31.145,071342, ,74592DFCA8A24AF490F32392319DC0F8,<?xml version="1.0" encoding="UTF-8"?><req><dataType>0105</dataType><uniqMetadata>610627199612260389|������</uniqMetadata></req>
07:14:12,718,21.160.31.151-KS-071412,cbip,003,0301,cbip, ,320,3,ApplyAddrHandler,21.160.31.151,071412, ,AFE556B366FD462FB39DD28848BBF414,<?xml version="1.0" encoding="UTF-8"?><req><socketIp></socketIp><socketPort></socketPort><ftpIp></ftpIp><ftpPort></ftpPort><ftpPath></ftpPath><originaltext>01234567890123456789012345678901234567</originaltext><ciphertext>4f598233c4e86579231924378219a9a0e94b621a94514659948da7d76555316432af41beca3db260</ciphertext></req>
07:14:12,793,21.160.31.151-KS-071412,cbip,003,0301,cbip, ,140,2,DownloadByPkuuid,21.160.31.151,071412, ,60C446830D304C25A7EB77AE8B1FC301,<?xml version="1.0" encoding="UTF-8"?><req><pkuuid>E97710818DFD419990F6FA088A14D8BB</pkuuid><includeContentFile>Y</includeContentFile></req>
07:14:45,069,21.160.31.145-KS-071444,cbip,003,0301,cbip, ,320,3,ApplyAddrHandler,21.160.31.145,071444, ,A66D385F636D4083BB8F2D116ED455C2,<?xml version="1.0" encoding="UTF-8"?><req><socketIp></socketIp><socketPort></socketPort><ftpIp></ftpIp><ftpPort></ftpPort><ftpPath></ftpPath><originaltext>01234567890123456789012345678901234567</originaltext><ciphertext>4f598233c4e86579231924378219a9a0e94b621a94514659948da7d76555316432af41beca3db260</ciphertext></req>
07:14:45,144,21.160.31.145-KS-071444,cbip,003,0301,cbip, ,131,2,ContentExist,21.160.31.145,071444, ,8B365A938AEF45BD8774F13491340231,<?xml version="1.0" encoding="UTF-8"?><req><dataType>0105</dataType><uniqMetadata>420103198504285724|������</uniqMetadata></req>
07:15:03,706,21.160.31.151-KS-071503,cbip,003,0301,cbip, ,320,3,ApplyAddrHandler,21.160.31.151,071503, ,CCB1E4FCAEE14E4FB9420CDE33CCD21C,<?xml version="1.0" encoding="UTF-8"?><req><socketIp></socketIp><socketPort></socketPort><ftpIp></ftpIp><ftpPort></ftpPort><ftpPath></ftpPath><originaltext>01234567890123456789012345678901234567</originaltext><ciphertext>4f598233c4e86579231924378219a9a0e94b621a94514659948da7d76555316432af41beca3db260</ciphertext></req>
07:15:03,781,21.160.31.151-KS-071503,cbip,003,0301,cbip, ,140,2,DownloadByPkuuid,21.160.31.151,071503, ,8D32C0FEFD4E44418DB4A80E9E1B1C55,<?xml version="1.0" encoding="UTF-8"?><req><pkuuid>8275BFD19027440DAE474AB841A02964</pkuuid><includeContentFile>Y</includeContentFile></req>
07:15:07,314,21.160.31.145-KS-071507,cbip,003,0301,cbip, ,320,3,ApplyAddrHandler,21.160.31.145,071507, ,45BD3253568742ED8E99750CABBEE05A,<?xml version="1.0" encoding="UTF-8"?><req><socketIp></socketIp><socketPort></socketPort><ftpIp></ftpIp><ftpPort></ftpPort><ftpPath></ftpPath><originaltext>01234567890123456789012345678901234567</originaltext><ciphertext>4f598233c4e86579231924378219a9a0e94b621a94514659948da7d76555316432af41beca3db260</ciphertext></req>
07:15:07,399,21.160.31.145-KS-071507,cbip,003,0301,cbip, ,131,2,ContentExist,21.160.31.145,071507, ,017C54B37B6546DF828DF218845EE941,<?xml version="1.0" encoding="UTF-8"?><req><dataType>0105</dataType><uniqMetadata>420581198509072622|������</uniqMetadata></req>
07:16:03,206,21.160.31.151-KS-071603,cbip,003,0301,cbip, ,320,3,ApplyAddrHandler,21.160.31.151,071603, ,E8208D00982645E8BC5B63495182D6A6,<?xml version="1.0" encoding="UTF-8"?><req><socketIp></socketIp><socketPort></socketPort><ftpIp></ftpIp><ftpPort></ftpPort><ftpPath></ftpPath><originaltext>01234567890123456789012345678901234567</originaltext><ciphertext>4f598233c4e86579231924378219a9a0e94b621a94514659948da7d76555316432af41beca3db260</ciphertext></req>
07:16:03,281,21.160.31.151-KS-071603,cbip,003,0301,cbip, ,128,2,ContentExist,21.160.31.151,071603, ,1315ADD4E9A9448D800C4341B3F57601,<?xml version="1.0" encoding="UTF-8"?><req><dataType>0105</dataType><uniqMetadata>422823199310284483|�ų�</uniqMetadata></req>
07:16:26,830,21.160.31.145-KS-071626,cbip,003,0301,cbip, ,320,3,ApplyAddrHandler,21.160.31.145,071626, ,F0E84C50B45043CFBEA2AE2A8282FAF1,<?xml version="1.0" encoding="UTF-8"?><req><socketIp></socketIp><socketPort></socketPort><ftpIp></ftpIp><ftpPort></ftpPort><ftpPath></ftpPath><originaltext>01234567890123456789012345678901234567</originaltext><ciphertext>4f598233c4e86579231924378219a9a0e94b621a94514659948da7d76555316432af41beca3db260</ciphertext></req>
07:16:26,906,21.160.31.145-KS-071626,cbip,003,0301,cbip, ,131,2,ContentExist,21.160.31.145,071626, ,8A651EF75E234FDF801CCE8267CA867C,<?xml version="1.0" encoding="UTF-8"?><req><dataType>0105</dataType><uniqMetadata>421081197112082338|������</uniqMetadata></req>
07:17:06,595,21.160.31.151-KS-071706,cbip,003,0301,cbip, ,320,3,ApplyAddrHandler,21.160.31.151,071706, ,D87F808680494701ACF1EA7435BCAB2A,<?xml version="1.0" encoding="UTF-8"?><req><socketIp></socketIp><socketPort></socketPort><ftpIp></ftpIp><ftpPort></ftpPort><ftpPath></ftpPath><originaltext>01234567890123456789012345678901234567</originaltext><ciphertext>4f598233c4e86579231924378219a9a0e94b621a94514659948da7d76555316432af41beca3db260</ciphertext></req>
07:17:06,677,21.160.31.151-KS-071706,cbip,003,0301,cbip, ,131,2,ContentExist,21.160.31.151,071706, ,92A42C407BB34BC58B2D2FA5ABB70F7F,<?xml version="1.0" encoding="UTF-8"?><req><dataType>0105</dataType><uniqMetadata>422825196401300214|��ʫ��</uniqMetadata></req>
07:18:13,884,21.160.31.145-KS-071813,cbip,003,0301,cbip, ,320,3,ApplyAddrHandler,21.160.31.145,071813, ,380A7DFCE4074EB5A92AA828D8ED49D1,<?xml version="1.0" encoding="UTF-8"?><req><socketIp></socketIp><socketPort></socketPort><ftpIp></ftpIp><ftpPort></ftpPort><ftpPath></ftpPath><originaltext>01234567890123456789012345678901234567</originaltext><ciphertext>4f598233c4e86579231924378219a9a0e94b621a94514659948da7d76555316432af41beca3db260</ciphertext></req>
07:18:13,959,21.160.31.145-KS-071813,cbip,003,0301,cbip, ,131,2,ContentExist,21.160.31.145,071813, ,32DC6E08BB114F32832301BF4BBE2125,<?xml version="1.0" encoding="UTF-8"?><req><dataType>0105</dataType><uniqMetadata>420922198409135317|������</uniqMetadata></req>
07:18:58,270,21.160.31.151-KS-071858,cbip,003,0301,cbip, ,320,3,ApplyAddrHandler,21.160.31.151,071858, ,36011A71960B4ADDA2DE5C9491136717,<?xml version="1.0" encoding="UTF-8"?><req><socketIp></socketIp><socketPort></socketPort><ftpIp></ftpIp><ftpPort></ftpPort><ftpPath></ftpPath><originaltext>01234567890123456789012345678901234567</originaltext><ciphertext>4f598233c4e86579231924378219a9a0e94b621a94514659948da7d76555316432af41beca3db260</ciphertext></req>
07:18:58,345,21.160.31.151-KS-071858,cbip,003,0301,cbip, ,128,2,ContentExist,21.160.31.151,071858, ,0EE8FCA07EF14EB085FA811584BB0E42,<?xml version="1.0" encoding="UTF-8"?><req><dataType>0105</dataType><uniqMetadata>422828199810230045|�ƾ�</uniqMetadata></req>
07:20:17,454,21.160.31.145-KS-072017,cbip,003,0301,cbip, ,320,3,ApplyAddrHandler,21.160.31.145,072017, ,147FFF160BF9474AA7E7E790241C9BEC,<?xml version="1.0" encoding="UTF-8"?><req><socketIp></socketIp><socketPort></socketPort><ftpIp></ftpIp><ftpPort></ftpPort><ftpPath></ftpPath><originaltext>01234567890123456789012345678901234567</originaltext><ciphertext>4f598233c4e86579231924378219a9a0e94b621a94514659948da7d76555316432af41beca3db260</ciphertext></req>
07:20:17,530,21.160.31.145-KS-072017,cbip,003,0301,cbip, ,131,2,ContentExist,21.160.31.145,072017, ,0C0FB6F2BF314ED8814A254C7C7DC200,<?xml version="1.0" encoding="UTF-8"?><req><dataType>0105</dataType><uniqMetadata>420922197011107311|�����</uniqMetadata></req>
07:21:03,660,21.160.31.151-KS-072103,cbip,003,0301,cbip, ,320,3,ApplyAddrHandler,21.160.31.151,072103, ,1DAD88AC933D4B82A00AFB72646E16F6,<?xml version="1.0" encoding="UTF-8"?><req><socketIp></socketIp><socketPort></socketPort><ftpIp></ftpIp><ftpPort></ftpPort><ftpPath></ftpPath><originaltext>01234567890123456789012345678901234567</originaltext><ciphertext>4f598233c4e86579231924378219a9a0e94b621a94514659948da7d76555316432af41beca3db260</ciphertext></req>
07:21:03,735,21.160.31.151-KS-072103,cbip,003,0301,cbip, ,131,2,ContentExist,21.160.31.151,072103, ,BAE5DE2B3DD649B695C62BE0DBF8C9BD,<?xml version="1.0" encoding="UTF-8"?><req><dataType>0105</dataType><uniqMetadata>422801192912240656|���</uniqMetadata></req>
07:21:41,419,21.160.31.145-KS-072141,cbip,003,0301,cbip, ,320,3,ApplyAddrHandler,21.160.31.145,072141, ,E4018C1FF4A449F9850D52AD7CC62726,<?xml version="1.0" encoding="UTF-8"?><req><socketIp></socketIp><socketPort></socketPort><ftpIp></ftpIp><ftpPort></ftpPort><ftpPath></ftpPath><originaltext>01234567890123456789012345678901234567</originaltext><ciphertext>4f598233c4e86579231924378219a9a0e94b621a94514659948da7d76555316432af41beca3db260</ciphertext></req>
07:21:41,494,21.160.31.145-KS-072141,cbip,003,0301,cbip, ,131,2,ContentExist,21.160.31.145,072141, ,98876A1715E547E2BFFC8DB73F5CADBB,<?xml version="1.0" encoding="UTF-8"?><req><dataType>0105</dataType><uniqMetadata>420222196209118355|�����</uniqMetadata></req>
07:21:56,040,21.160.31.151-KS-072155,cbip,003,0301,cbip, ,320,3,ApplyAddrHandler,21.160.31.151,072155, ,4C3E1ACA320D452FA804E4CF296B48E7,<?xml version="1.0" encoding="UTF-8"?><req><socketIp></socketIp><socketPort></socketPort><ftpIp></ftpIp><ftpPort></ftpPort><ftpPath></ftpPath><originaltext>01234567890123456789012345678901234567</originaltext><ciphertext>4f598233c4e86579231924378219a9a0e94b621a94514659948da7d76555316432af41beca3db260</ciphertext></req>
07:21:56,115,21.160.31.151-KS-072155,cbip,003,0301,cbip, ,131,2,ContentExist,21.160.31.151,072155, ,C61DBC69956D4E3AB796AC8967B9E1D7,<?xml version="1.0" encoding="UTF-8"?><req><dataType>0105</dataType><uniqMetadata>422802199005096820|������</uniqMetadata></req>
07:23:12,935,21.160.31.151-KS-072312,cbip,003,0301,cbip, ,320,3,ApplyAddrHandler,21.160.31.151,072312, ,2AC793FBE0BE430E929E1535E3FFF95D,<?xml version="1.0" encoding="UTF-8"?><req><socketIp></socketIp><socketPort></socketPort><ftpIp></ftpIp><ftpPort></ftpPort><ftpPath></ftpPath><originaltext>01234567890123456789012345678901234567</originaltext><ciphertext>4f598233c4e86579231924378219a9a0e94b621a94514659948da7d76555316432af41beca3db260</ciphertext></req>
07:23:13,011,21.160.31.151-KS-072312,cbip,003,0301,cbip, ,128,2,ContentExist,21.160.31.151,072312, ,987FD412615F4617A01448A3A3208FEC,<?xml version="1.0" encoding="UTF-8"?><req><dataType>0105</dataType><uniqMetadata>422801198007012028|��ƽ</uniqMetadata></req>
07:23:32,349,21.160.31.145-KS-072332,cbip,003,0301,cbip, ,320,3,ApplyAddrHandler,21.160.31.145,072332, ,381AC75BCD1D4EF6A672737B161C73E5,<?xml version="1.0" encoding="UTF-8"?><req><socketIp></socketIp><socketPort></socketPort><ftpIp></ftpIp><ftpPort></ftpPort><ftpPath></ftpPath><originaltext>01234567890123456789012345678901234567</originaltext><ciphertext>4f598233c4e86579231924378219a9a0e94b621a94514659948da7d76555316432af41beca3db260</ciphertext></req>
07:23:32,424,21.160.31.145-KS-072332,cbip,003,0301,cbip, ,128,2,ContentExist,21.160.31.145,072332, ,1E102A59A5F44D03BABA82674D510777,<?xml version="1.0" encoding="UTF-8"?><req><dataType>0105</dataType><uniqMetadata>422201197904152218|�ܻ�</uniqMetadata></req>
07:24:45,456,21.160.31.151-KS-072445,cbip,003,0301,cbip, ,320,3,ApplyAddrHandler,21.160.31.151,072445, ,7C065FE69613482CB6AABA80F9826B9C,<?xml version="1.0" encoding="UTF-8"?><req><socketIp></socketIp><socketPort></socketPort><ftpIp></ftpIp><ftpPort></ftpPort><ftpPath></ftpPath><originaltext>01234567890123456789012345678901234567</originaltext><ciphertext>4f598233c4e86579231924378219a9a0e94b621a94514659948da7d76555316432af41beca3db260</ciphertext></req>
07:24:45,531,21.160.31.151-KS-072445,cbip,003,0301,cbip, ,140,2,DownloadByPkuuid,21.160.31.151,072445, ,F101617C4A46409B9C29884E357FC05F,<?xml version="1.0" encoding="UTF-8"?><req><pkuuid>46871D9F94F845828194A46D97B7B3BB</pkuuid><includeContentFile>Y</includeContentFile></req>
07:25:26,705,21.160.31.145-KS-072526,cbip,003,0301,cbip, ,320,3,ApplyAddrHandler,21.160.31.145,072526, ,6423361E62194FE589D6113FF4C20869,<?xml version="1.0" encoding="UTF-8"?><req><socketIp></socketIp><socketPort></socketPort><ftpIp></ftpIp><ftpPort></ftpPort><ftpPath></ftpPath><originaltext>01234567890123456789012345678901234567</originaltext><ciphertext>4f598233c4e86579231924378219a9a0e94b621a94514659948da7d76555316432af41beca3db260</ciphertext></req>
07:25:26,780,21.160.31.145-KS-072526,cbip,003,0301,cbip, ,131,2,ContentExist,21.160.31.145,072526, ,3AE3EE2FC504479DBEAFE8088D6EEC33,<?xml version="1.0" encoding="UTF-8"?><req><dataType>0105</dataType><uniqMetadata>422124196407207649|�ߴ���</uniqMetadata></req>
07:25:43,964,21.160.31.151-KS-072543,cbip,003,0301,cbip, ,320,3,ApplyAddrHandler,21.160.31.151,072543, ,5D3E205FDAC1444485CABB8E2BBC0108,<?xml version="1.0" encoding="UTF-8"?><req><socketIp></socketIp><socketPort></socketPort><ftpIp></ftpIp><ftpPort></ftpPort><ftpPath></ftpPath><originaltext>01234567890123456789012345678901234567</originaltext><ciphertext>4f598233c4e86579231924378219a9a0e94b621a94514659948da7d76555316432af41beca3db260</ciphertext></req>
07:25:44,039,21.160.31.151-KS-072543,cbip,003,0301,cbip, ,140,2,DownloadByPkuuid,21.160.31.151,072543, ,C4434107F83344C69CF4FEE9AFA3786F,<?xml version="1.0" encoding="UTF-8"?><req><pkuuid>839B446E30854076B421E61CFC78B761</pkuuid><includeContentFile>Y</includeContentFile></req>
07:26:47,399,21.160.31.145-KS-072647,cbip,003,0301,cbip, ,320,3,ApplyAddrHandler,21.160.31.145,072647, ,BEC0F0024D54451EB49608521B83649F,<?xml version="1.0" encoding="UTF-8"?><req><socketIp></socketIp><socketPort></socketPort><ftpIp></ftpIp><ftpPort></ftpPort><ftpPath></ftpPath><originaltext>01234567890123456789012345678901234567</originaltext><ciphertext>4f598233c4e86579231924378219a9a0e94b621a94514659948da7d76555316432af41beca3db260</ciphertext></req>
07:26:47,475,21.160.31.145-KS-072647,cbip,003,0301,cbip, ,131,2,ContentExist,21.160.31.145,072647, ,14BEB55D3DE4455F930FF2D0EE274B37,<?xml version="1.0" encoding="UTF-8"?><req><dataType>0105</dataType><uniqMetadata>420117199102286743|���</uniqMetadata></req>
07:27:14,603,21.160.31.151-KS-072714,cbip,003,0301,cbip, ,320,3,ApplyAddrHandler,21.160.31.151,072714, ,BA9044EC56B84ABDA47FBD29730FC303,<?xml version="1.0" encoding="UTF-8"?><req><socketIp></socketIp><socketPort></socketPort><ftpIp></ftpIp><ftpPort></ftpPort><ftpPath></ftpPath><originaltext>01234567890123456789012345678901234567</originaltext><ciphertext>4f598233c4e86579231924378219a9a0e94b621a94514659948da7d76555316432af41beca3db260</ciphertext></req>
07:27:14,678,21.160.31.151-KS-072714,cbip,003,0301,cbip, ,131,2,ContentExist,21.160.31.151,072714, ,808AB46E155C4A549E1908CCAB9776B4,<?xml version="1.0" encoding="UTF-8"?><req><dataType>0105</dataType><uniqMetadata>422801194205120611|�뿪��</uniqMetadata></req>
07:27:25,760,21.160.31.145-KS-072725,cbip,003,0301,cbip, ,320,3,ApplyAddrHandler,21.160.31.145,072725, ,C6B4C20F71CA4F37BF5329299BF84E3F,<?xml version="1.0" encoding="UTF-8"?><req><socketIp></socketIp><socketPort></socketPort><ftpIp></ftpIp><ftpPort></ftpPort><ftpPath></ftpPath><originaltext>01234567890123456789012345678901234567</originaltext><ciphertext>4f598233c4e86579231924378219a9a0e94b621a94514659948da7d76555316432af41beca3db260</ciphertext></req>
07:27:25,835,21.160.31.145-KS-072725,cbip,003,0301,cbip, ,131,2,ContentExist,21.160.31.145,072725, ,181579AE7C8C4440B742855969A92285,<?xml version="1.0" encoding="UTF-8"?><req><dataType>0105</dataType><uniqMetadata>420921199010082899|��½�</uniqMetadata></req>
07:29:10,246,21.160.31.151-KS-072910,cbip,003,0301,cbip, ,320,3,ApplyAddrHandler,21.160.31.151,072910, ,FA014769587B4D8EAECC0D98B90B3E45,<?xml version="1.0" encoding="UTF-8"?><req><socketIp></socketIp><socketPort></socketPort><ftpIp></ftpIp><ftpPort></ftpPort><ftpPath></ftpPath><originaltext>01234567890123456789012345678901234567</originaltext><ciphertext>4f598233c4e86579231924378219a9a0e94b621a94514659948da7d76555316432af41beca3db260</ciphertext></req>
07:29:10,321,21.160.31.151-KS-072910,cbip,003,0301,cbip, ,128,2,ContentExist,21.160.31.151,072910, ,2E1257AF302B42B898672803C2C5DDE9,<?xml version="1.0" encoding="UTF-8"?><req><dataType>0105</dataType><uniqMetadata>42280119961107422X|̷��</uniqMetadata></req>
07:29:12,245,21.160.31.145-KS-072912,cbip,003,0301,cbip, ,320,3,ApplyAddrHandler,21.160.31.145,072912, ,0AAED8AB08254931950A3FAD69E1117B,<?xml version="1.0" encoding="UTF-8"?><req><socketIp></socketIp><socketPort></socketPort><ftpIp></ftpIp><ftpPort></ftpPort><ftpPath></ftpPath><originaltext>01234567890123456789012345678901234567</originaltext><ciphertext>4f598233c4e86579231924378219a9a0e94b621a94514659948da7d76555316432af41beca3db260</ciphertext></req>
07:29:12,320,21.160.31.145-KS-072912,cbip,003,0301,cbip, ,131,2,ContentExist,21.160.31.145,072912, ,18001B4440B54F89A8F361BB0134BC09,<?xml version="1.0" encoding="UTF-8"?><req><dataType>0105</dataType><uniqMetadata>420121196909181927|������</uniqMetadata></req>
07:30:07,646,21.160.31.151-KS-073007,cbip,003,0301,cbip, ,320,3,ApplyAddrHandler,21.160.31.151,073007, ,27AC20D68A2B4A38ABA96C9349C04734,<?xml version="1.0" encoding="UTF-8"?><req><socketIp></socketIp><socketPort></socketPort><ftpIp></ftpIp><ftpPort></ftpPort><ftpPath></ftpPath><originaltext>01234567890123456789012345678901234567</originaltext><ciphertext>4f598233c4e86579231924378219a9a0e94b621a94514659948da7d76555316432af41beca3db260</ciphertext></req>
07:30:07,721,21.160.31.151-KS-073007,cbip,003,0301,cbip, ,131,2,ContentExist,21.160.31.151,073007, ,4688A0BBA8054C1FA672E74FA9AEFCE8,<?xml version="1.0" encoding="UTF-8"?><req><dataType>0105</dataType><uniqMetadata>422825198709291675|������</uniqMetadata></req>
07:30:12,161,11.7.76.238-KS-073012,cbip,003,J6LD,cbip, ,110,2,ApplyAddr,11.7.76.238,073012, ,D757B324E76F4F4C840470FDADEE9B7A,<req><socketIp></socketIp><socketPort></socketPort><ftpIp></ftpIp><ftpPort></ftpPort><ftpPath></ftpPath></req>
07:30:12,165,11.7.76.238-KS-073012,cbip,003,J6LD,cbip, ,42,1,Upload,11.7.76.238,073012, ,461EEABE66C94D9DBEAF3CE583E8F09B,boc_cbip4/AD5AE6A7232A499E88CFFF1BAAB8248A
07:30:12,628,11.7.76.238-KS-073012,cbip,003,J6LD,cbip, ,110,2,ApplyAddr,11.7.76.238,073012, ,E3B5DAF93C74458D9079FFA3D73E3637,<req><socketIp></socketIp><socketPort></socketPort><ftpIp></ftpIp><ftpPort></ftpPort><ftpPath></ftpPath></req>
07:30:12,630,11.7.76.238-KS-073012,cbip,003,J6LD,cbip, ,197,2,DownloadByBusinessId,11.7.76.238,073012, ,59BC25BFEFD54A42A9B752A89A6ABDBF,<?xml version="1.0" encoding="UTF-8"?><req><businessId>hWejQhHQyPGUFs519kaRJAJYBle3Dveu</businessId><pkuuid>u41AZJxbC0wTW7KR0FZRYAA94lovF0bW</pkuuid><includeContentFile>Y</includeContentFile></req>
07:30:12,715,11.7.76.238-KS-073012,cbip,003,J6LD,cbip, ,110,2,ApplyAddr,11.7.76.238,073012, ,ECDD4D2E42FD447AB9F3E2EAA42C11D3,<req><socketIp></socketIp><socketPort></socketPort><ftpIp></ftpIp><ftpPort></ftpPort><ftpPath></ftpPath></req>
07:30:12,716,11.7.76.238-KS-073012,cbip,003,J6LD,cbip, ,140,2,DownloadByPkuuid,11.7.76.238,073012, ,1A597DF2DEB64BA49252D66CBA04FE74,<?xml version="1.0" encoding="UTF-8"?><req><pkuuid>u41AZJxbC0wTW7KR0FZRYAA94lovF0bW</pkuuid><includeContentFile>Y</includeContentFile></req>
07:30:13,727,11.7.76.238-KS-073013,cbip,003,J6LD,cbip, ,110,2,ApplyAddr,11.7.76.238,073013, ,8558AD424A854E3AAD2499224A856C37,<req><socketIp></socketIp><socketPort></socketPort><ftpIp></ftpIp><ftpPort></ftpPort><ftpPath></ftpPath></req>
07:30:13,728,11.7.76.238-KS-073013,cbip,003,J6LD,cbip, ,32,1,DeleteByBusinessID,11.7.76.238,073013, ,B546372F37584884985DF926DBDF229B,hWejQhHQyPGUFs519kaRJAJYBle3Dveu
07:30:59,306,21.160.31.145-KS-073059,cbip,003,0301,cbip, ,320,3,ApplyAddrHandler,21.160.31.145,073059, ,B2C07A0C538F433C87FDEAC35A0B2A21,<?xml version="1.0" encoding="UTF-8"?><req><socketIp></socketIp><socketPort></socketPort><ftpIp></ftpIp><ftpPort></ftpPort><ftpPath></ftpPath><originaltext>01234567890123456789012345678901234567</originaltext><ciphertext>4f598233c4e86579231924378219a9a0e94b621a94514659948da7d76555316432af41beca3db260</ciphertext></req>
07:30:59,381,21.160.31.145-KS-073059,cbip,003,0301,cbip, ,131,2,ContentExist,21.160.31.145,073059, ,A40473850559494E8B26C5C20A245F58,<?xml version="1.0" encoding="UTF-8"?><req><dataType>0105</dataType><uniqMetadata>421122199110257805|�Ϻ���</uniqMetadata></req>
07:31:21,896,21.160.31.151-KS-073121,cbip,003,0301,cbip, ,320,3,ApplyAddrHandler,21.160.31.151,073121, ,7A4036D5B5394BA5AFA7AA1B932E93CA,<?xml version="1.0" encoding="UTF-8"?><req><socketIp></socketIp><socketPort></socketPort><ftpIp></ftpIp><ftpPort></ftpPort><ftpPath></ftpPath><originaltext>01234567890123456789012345678901234567</originaltext><ciphertext>4f598233c4e86579231924378219a9a0e94b621a94514659948da7d76555316432af41beca3db260</ciphertext></req>
07:31:21,971,21.160.31.151-KS-073121,cbip,003,0301,cbip, ,131,2,ContentExist,21.160.31.151,073121, ,F3E31143D0024C4F8CCA6D0011CCD1E9,<?xml version="1.0" encoding="UTF-8"?><req><dataType>0105</dataType><uniqMetadata>422801194610160633|��ȫ��</uniqMetadata></req>
07:32:33,092,21.160.31.145-KS-073232,cbip,003,0301,cbip, ,320,3,ApplyAddrHandler,21.160.31.145,073232, ,CAFEB7CECC184EB288A7D44FC34B81EB,<?xml version="1.0" encoding="UTF-8"?><req><socketIp></socketIp><socketPort></socketPort><ftpIp></ftpIp><ftpPort></ftpPort><ftpPath></ftpPath><originaltext>01234567890123456789012345678901234567</originaltext><ciphertext>4f598233c4e86579231924378219a9a0e94b621a94514659948da7d76555316432af41beca3db260</ciphertext></req>
07:32:33,168,21.160.31.145-KS-073232,cbip,003,0301,cbip, ,131,2,ContentExist,21.160.31.145,073232, ,381693448032488C8965D9AA929E6B1A,<?xml version="1.0" encoding="UTF-8"?><req><dataType>0105</dataType><uniqMetadata>420624200211012940|��ԲԲ</uniqMetadata></req>
07:33:00,706,21.160.31.151-KS-073300,cbip,003,0301,cbip, ,320,3,ApplyAddrHandler,21.160.31.151,073300, ,48A7C688B3F14F94A6DA780FBF214998,<?xml version="1.0" encoding="UTF-8"?><req><socketIp></socketIp><socketPort></socketPort><ftpIp></ftpIp><ftpPort></ftpPort><ftpPath></ftpPath><originaltext>01234567890123456789012345678901234567</originaltext><ciphertext>4f598233c4e86579231924378219a9a0e94b621a94514659948da7d76555316432af41beca3db260</ciphertext></req>
07:33:00,781,21.160.31.151-KS-073300,cbip,003,0301,cbip, ,128,2,ContentExist,21.160.31.151,073300, ,A7C92182C87C4EBCB927B2BAA6B8EA9F,<?xml version="1.0" encoding="UTF-8"?><req><dataType>0105</dataType><uniqMetadata>422827199510200243|����</uniqMetadata></req>
07:34:01,559,21.160.31.145-KS-073401,cbip,003,0301,cbip, ,320,3,ApplyAddrHandler,21.160.31.145,073401, ,4950AA864C554CB1BCA5D54AE66D5FA5,<?xml version="1.0" encoding="UTF-8"?><req><socketIp></socketIp><socketPort></socketPort><ftpIp></ftpIp><ftpPort></ftpPort><ftpPath></ftpPath><originaltext>01234567890123456789012345678901234567</originaltext><ciphertext>4f598233c4e86579231924378219a9a0e94b621a94514659948da7d76555316432af41beca3db260</ciphertext></req>
07:34:01,634,21.160.31.145-KS-073401,cbip,003,0301,cbip, ,140,2,DownloadByPkuuid,21.160.31.145,073401, ,CD9279D4F64844A39B946F4CEA886DFE,<?xml version="1.0" encoding="UTF-8"?><req><pkuuid>08DE0A3AF3CC4B349A68E53DEE1DE710</pkuuid><includeContentFile>Y</includeContentFile></req>
07:34:56,724,21.160.31.151-KS-073456,cbip,003,0301,cbip, ,320,3,ApplyAddrHandler,21.160.31.151,073456, ,696E0C08A0344C659EF8BA29D3396745,<?xml version="1.0" encoding="UTF-8"?><req><socketIp></socketIp><socketPort></socketPort><ftpIp></ftpIp><ftpPort></ftpPort><ftpPath></ftpPath><originaltext>01234567890123456789012345678901234567</originaltext><ciphertext>4f598233c4e86579231924378219a9a0e94b621a94514659948da7d76555316432af41beca3db260</ciphertext></req>
07:34:56,800,21.160.31.151-KS-073456,cbip,003,0301,cbip, ,131,2,ContentExist,21.160.31.151,073456, ,FA7DF10998624F029E716E9B99EA9C77,<?xml version="1.0" encoding="UTF-8"?><req><dataType>0105</dataType><uniqMetadata>422422196701165359|������</uniqMetadata></req>
07:35:08,333,21.160.31.145-KS-073508,cbip,003,0301,cbip, ,320,3,ApplyAddrHandler,21.160.31.145,073508, ,98D3398DE088436085304F746EB0F32C,<?xml version="1.0" encoding="UTF-8"?><req><socketIp></socketIp><socketPort></socketPort><ftpIp></ftpIp><ftpPort></ftpPort><ftpPath></ftpPath><originaltext>01234567890123456789012345678901234567</originaltext><ciphertext>4f598233c4e86579231924378219a9a0e94b621a94514659948da7d76555316432af41beca3db260</ciphertext></req>
07:35:08,408,21.160.31.145-KS-073508,cbip,003,0301,cbip, ,131,2,ContentExist,21.160.31.145,073508, ,598B6193695C4A63B6D6A329B913D590,<?xml version="1.0" encoding="UTF-8"?><req><dataType>0105</dataType><uniqMetadata>421126200210013825|������</uniqMetadata></req>
07:35:31,703,21.160.31.151-KS-073531,cbip,003,0301,cbip, ,320,3,ApplyAddrHandler,21.160.31.151,073531, ,F033107FDFD94325B46F275520AF63BE,<?xml version="1.0" encoding="UTF-8"?><req><socketIp></socketIp><socketPort></socketPort><ftpIp></ftpIp><ftpPort></ftpPort><ftpPath></ftpPath><originaltext>01234567890123456789012345678901234567</originaltext><ciphertext>4f598233c4e86579231924378219a9a0e94b621a94514659948da7d76555316432af41beca3db260</ciphertext></req>
07:35:31,778,21.160.31.151-KS-073531,cbip,003,0301,cbip, ,131,2,ContentExist,21.160.31.151,073531, ,7A14AE352CC54CE9B5773A930BCBBA1A,<?xml version="1.0" encoding="UTF-8"?><req><dataType>0105</dataType><uniqMetadata>422801199812292012|�ν�</uniqMetadata></req>
07:36:31,589,21.160.31.145-KS-073631,cbip,003,0301,cbip, ,320,3,ApplyAddrHandler,21.160.31.145,073631, ,BA8E55F9A9554BE5965466C2AB3169E6,<?xml version="1.0" encoding="UTF-8"?><req><socketIp></socketIp><socketPort></socketPort><ftpIp></ftpIp><ftpPort></ftpPort><ftpPath></ftpPath><originaltext>01234567890123456789012345678901234567</originaltext><ciphertext>4f598233c4e86579231924378219a9a0e94b621a94514659948da7d76555316432af41beca3db260</ciphertext></req>
07:36:31,664,21.160.31.145-KS-073631,cbip,003,0301,cbip, ,128,2,ContentExist,21.160.31.145,073631, ,F59446771A9D41DA80D34D5C25221D7E,<?xml version="1.0" encoding="UTF-8"?><req><dataType>0105</dataType><uniqMetadata>421181199211071321|��ٻ</uniqMetadata></req>
07:37:13,090,21.160.31.151-KS-073712,cbip,003,0301,cbip, ,320,3,ApplyAddrHandler,21.160.31.151,073712, ,4F3B5AD540C64C0B9EB3CA84B0B4A04A,<?xml version="1.0" encoding="UTF-8"?><req><socketIp></socketIp><socketPort></socketPort><ftpIp></ftpIp><ftpPort></ftpPort><ftpPath></ftpPath><originaltext>01234567890123456789012345678901234567</originaltext><ciphertext>4f598233c4e86579231924378219a9a0e94b621a94514659948da7d76555316432af41beca3db260</ciphertext></req>
07:37:13,165,21.160.31.151-KS-073712,cbip,003,0301,cbip, ,131,2,ContentExist,21.160.31.151,073712, ,346C0A180119457CA9E90873321246EA,<?xml version="1.0" encoding="UTF-8"?><req><dataType>0105</dataType><uniqMetadata>422801196210180650|̷����</uniqMetadata></req>
07:38:19,710,21.160.31.145-KS-073819,cbip,003,0301,cbip, ,320,3,ApplyAddrHandler,21.160.31.145,073819, ,8228AD0459E14387A1445323063A0399,<?xml version="1.0" encoding="UTF-8"?><req><socketIp></socketIp><socketPort></socketPort><ftpIp></ftpIp><ftpPort></ftpPort><ftpPath></ftpPath><originaltext>01234567890123456789012345678901234567</originaltext><ciphertext>4f598233c4e86579231924378219a9a0e94b621a94514659948da7d76555316432af41beca3db260</ciphertext></req>
07:38:19,785,21.160.31.145-KS-073819,cbip,003,0301,cbip, ,128,2,ContentExist,21.160.31.145,073819, ,186F580BB77B4399B082B8D45DBA3090,<?xml version="1.0" encoding="UTF-8"?><req><dataType>0105</dataType><uniqMetadata>420115199006271661|���</uniqMetadata></req>
07:38:44,161,21.160.31.151-KS-073843,cbip,003,0301,cbip, ,320,3,ApplyAddrHandler,21.160.31.151,073843, ,AC10CA470492460DBEC278415487DA77,<?xml version="1.0" encoding="UTF-8"?><req><socketIp></socketIp><socketPort></socketPort><ftpIp></ftpIp><ftpPort></ftpPort><ftpPath></ftpPath><originaltext>01234567890123456789012345678901234567</originaltext><ciphertext>4f598233c4e86579231924378219a9a0e94b621a94514659948da7d76555316432af41beca3db260</ciphertext></req>
07:38:44,235,21.160.31.151-KS-073843,cbip,003,0301,cbip, ,140,2,DownloadByPkuuid,21.160.31.151,073843, ,333351DDA315498D942143F9B577890A,<?xml version="1.0" encoding="UTF-8"?><req><pkuuid>A727AA13E4924DCC985E9A282278997A</pkuuid><includeContentFile>Y</includeContentFile></req>
07:39:27,956,21.39.20.105-KS-073927,cbip,003,0301,cbip, ,320,3,ApplyAddrHandler,21.39.20.105,073927, ,9415D5E5887142F699A6B7885ACF6F06,<?xml version="1.0" encoding="UTF-8"?><req><socketIp></socketIp><socketPort></socketPort><ftpIp></ftpIp><ftpPort></ftpPort><ftpPath></ftpPath><originaltext>01234567890123456789012345678901234567</originaltext><ciphertext>4f598233c4e86579231924378219a9a0e94b621a94514659948da7d76555316432af41beca3db260</ciphertext></req>
07:39:28,073,21.39.20.105-KS-073927,cbip,003,0301,cbip, ,128,2,ContentExist,21.39.20.105,073927, ,6F5A2CEE6F424DF2ADF753BB3DF0DAE9,<?xml version="1.0" encoding="UTF-8"?><req><dataType>0107</dataType><uniqMetadata>0107|0107992470|������</uniqMetadata></req>
07:39:42,083,21.160.31.151-KS-073941,cbip,003,0301,cbip, ,320,3,ApplyAddrHandler,21.160.31.151,073941, ,C2319D6A9FB3444E9F33791A709F0143,<?xml version="1.0" encoding="UTF-8"?><req><socketIp></socketIp><socketPort></socketPort><ftpIp></ftpIp><ftpPort></ftpPort><ftpPath></ftpPath><originaltext>01234567890123456789012345678901234567</originaltext><ciphertext>4f598233c4e86579231924378219a9a0e94b621a94514659948da7d76555316432af41beca3db260</ciphertext></req>
07:39:42,158,21.160.31.151-KS-073941,cbip,003,0301,cbip, ,131,2,ContentExist,21.160.31.151,073941, ,BB92057B344442CABD5402C5C3BA5359,<?xml version="1.0" encoding="UTF-8"?><req><dataType>0105</dataType><uniqMetadata>422801196909250472|�»�Ԫ</uniqMetadata></req>
07:40:10,712,21.160.31.145-KS-074010,cbip,003,0301,cbip, ,320,3,ApplyAddrHandler,21.160.31.145,074010, ,CBB36D8C42CD4EAEBC1D610B03ECF242,<?xml version="1.0" encoding="UTF-8"?><req><socketIp></socketIp><socketPort></socketPort><ftpIp></ftpIp><ftpPort></ftpPort><ftpPath></ftpPath><originaltext>01234567890123456789012345678901234567</originaltext><ciphertext>4f598233c4e86579231924378219a9a0e94b621a94514659948da7d76555316432af41beca3db260</ciphertext></req>
07:40:10,787,21.160.31.145-KS-074010,cbip,003,0301,cbip, ,131,2,ContentExist,21.160.31.145,074010, ,C427F67686024BCD91F206962AF2CA0A,<?xml version="1.0" encoding="UTF-8"?><req><dataType>0105</dataType><uniqMetadata>44142419951004158X|κ����</uniqMetadata></req>
07:41:22,786,21.160.31.151-KS-074122,cbip,003,0301,cbip, ,320,3,ApplyAddrHandler,21.160.31.151,074122, ,A29A6D2B570144B58DBADF3EE652B4A8,<?xml version="1.0" encoding="UTF-8"?><req><socketIp></socketIp><socketPort></socketPort><ftpIp></ftpIp><ftpPort></ftpPort><ftpPath></ftpPath><originaltext>01234567890123456789012345678901234567</originaltext><ciphertext>4f598233c4e86579231924378219a9a0e94b621a94514659948da7d76555316432af41beca3db260</ciphertext></req>
07:41:22,861,21.160.31.151-KS-074122,cbip,003,0301,cbip, ,128,2,ContentExist,21.160.31.151,074122, ,B506949A39904C7BA44F0A3FDD964D44,<?xml version="1.0" encoding="UTF-8"?><req><dataType>0105</dataType><uniqMetadata>420624199511062944|�Ż�</uniqMetadata></req>
07:41:31,673,21.160.31.145-KS-074131,cbip,003,0301,cbip, ,320,3,ApplyAddrHandler,21.160.31.145,074131, ,D4CAE6D3215D4ED8BCA7277C0337C574,<?xml version="1.0" encoding="UTF-8"?><req><socketIp></socketIp><socketPort></socketPort><ftpIp></ftpIp><ftpPort></ftpPort><ftpPath></ftpPath><originaltext>01234567890123456789012345678901234567</originaltext><ciphertext>4f598233c4e86579231924378219a9a0e94b621a94514659948da7d76555316432af41beca3db260</ciphertext></req>
07:41:31,748,21.160.31.145-KS-074131,cbip,003,0301,cbip, ,131,2,ContentExist,21.160.31.145,074131, ,D978E67821404B5E937E24AF82C3B2C6,<?xml version="1.0" encoding="UTF-8"?><req><dataType>0105</dataType><uniqMetadata>420116199312130425|������</uniqMetadata></req>
07:42:41,924,21.161.42.11-KS-074241,cbip,003,0301,cbip, ,320,3,ApplyAddrHandler,21.161.42.11,074241, ,1CF460019DC0435297AD30DC8BF2274A,<?xml version="1.0" encoding="UTF-8"?><req><socketIp></socketIp><socketPort></socketPort><ftpIp></ftpIp><ftpPort></ftpPort><ftpPath></ftpPath><originaltext>01234567890123456789012345678901234567</originaltext><ciphertext>4f598233c4e86579231924378219a9a0e94b621a94514659948da7d76555316432af41beca3db260</ciphertext></req>
07:42:42,011,21.161.42.11-KS-074241,cbip,003,0301,cbip, ,128,2,ContentExist,21.161.42.11,074241, ,E907A315D13343C493F7E79F22027272,<?xml version="1.0" encoding="UTF-8"?><req><dataType>0105</dataType><uniqMetadata>420105198309082019|�α�</uniqMetadata></req>
07:43:13,207,21.160.31.151-KS-074313,cbip,003,0301,cbip, ,320,3,ApplyAddrHandler,21.160.31.151,074313, ,26822E8B40684B6C8B33BF60BC19D5D2,<?xml version="1.0" encoding="UTF-8"?><req><socketIp></socketIp><socketPort></socketPort><ftpIp></ftpIp><ftpPort></ftpPort><ftpPath></ftpPath><originaltext>01234567890123456789012345678901234567</originaltext><ciphertext>4f598233c4e86579231924378219a9a0e94b621a94514659948da7d76555316432af41beca3db260</ciphertext></req>
07:43:13,282,21.160.31.151-KS-074313,cbip,003,0301,cbip, ,131,2,ContentExist,21.160.31.151,074313, ,34655E3B11A645DE8CB362F688A5DB80,<?xml version="1.0" encoding="UTF-8"?><req><dataType>0105</dataType><uniqMetadata>422801197304160831|ʯ���</uniqMetadata></req>
07:43:24,582,21.46.25.24-KS-074324,cbip,003,0301,cbip, ,320,3,ApplyAddrHandler,21.46.25.24,074324, ,E3EDA55C478F4C62838D95E9C15E34DC,<?xml version="1.0" encoding="UTF-8"?><req><socketIp></socketIp><socketPort></socketPort><ftpIp></ftpIp><ftpPort></ftpPort><ftpPath></ftpPath><originaltext>01234567890123456789012345678901234567</originaltext><ciphertext>4f598233c4e86579231924378219a9a0e94b621a94514659948da7d76555316432af41beca3db260</ciphertext></req>
07:43:24,690,21.46.25.24-KS-074324,cbip,003,0301,cbip, ,128,2,ContentExist,21.46.25.24,074324, ,4E2AC343570F42FABB79552C848957A2,<?xml version="1.0" encoding="UTF-8"?><req><dataType>0107</dataType><uniqMetadata>0107|0104411715|������</uniqMetadata></req>
07:43:32,156,21.161.42.11-KS-074332,cbip,003,0301,cbip, ,320,3,ApplyAddrHandler,21.161.42.11,074332, ,99FFC291827D4BECAB1664D34B48674B,<?xml version="1.0" encoding="UTF-8"?><req><socketIp></socketIp><socketPort></socketPort><ftpIp></ftpIp><ftpPort></ftpPort><ftpPath></ftpPath><originaltext>01234567890123456789012345678901234567</originaltext><ciphertext>4f598233c4e86579231924378219a9a0e94b621a94514659948da7d76555316432af41beca3db260</ciphertext></req>
07:43:32,247,21.161.42.11-KS-074332,cbip,003,0301,cbip, ,140,2,DownloadByPkuuid,21.161.42.11,074332, ,E70270250C32464094FC9A31B2D8FDEE,<?xml version="1.0" encoding="UTF-8"?><req><pkuuid>2013E1211DD042F483374DD5C1A4584D</pkuuid><includeContentFile>Y</includeContentFile></req>
07:43:42,721,192.168.24.145-KS-074342,cbip,003,0301,cbip, ,320,3,ApplyAddrHandler,192.168.24.145,074342, ,0572F33D31E5471E87C75390F73788FA,<?xml version="1.0" encoding="UTF-8"?><req><socketIp></socketIp><socketPort></socketPort><ftpIp></ftpIp><ftpPort></ftpPort><ftpPath></ftpPath><originaltext>01234567890123456789012345678901234567</originaltext><ciphertext>4f598233c4e86579231924378219a9a0e94b621a94514659948da7d76555316432af41beca3db260</ciphertext></req>
07:43:42,803,192.168.24.145-KS-074342,cbip,003,0301,cbip, ,133,2,ContentExist,192.168.24.145,074342, ,428BEE29A66B4AA7AD7A1D3AA9EA9B73,<?xml version="1.0" encoding="UTF-8"?><req><dataType>0106</dataType><uniqMetadata>0106|32062519720923215X|�߿�</uniqMetadata></req>
07:43:53,684,21.161.42.11-KS-074353,cbip,003,0301,cbip, ,320,3,ApplyAddrHandler,21.161.42.11,074353, ,59CDCDB4B8384A0088F19A3F11E986B9,<?xml version="1.0" encoding="UTF-8"?><req><socketIp></socketIp><socketPort></socketPort><ftpIp></ftpIp><ftpPort></ftpPort><ftpPath></ftpPath><originaltext>01234567890123456789012345678901234567</originaltext><ciphertext>4f598233c4e86579231924378219a9a0e94b621a94514659948da7d76555316432af41beca3db260</ciphertext></req>
07:43:53,766,21.161.42.11-KS-074353,cbip,003,0301,cbip, ,131,2,ContentExist,21.161.42.11,074353, ,62350380400F45138ACD46C8AA7BE0C6,<?xml version="1.0" encoding="UTF-8"?><req><dataType>0105</dataType><uniqMetadata>422201197804012525|���</uniqMetadata></req>
07:43:55,008,21.160.31.145-KS-074354,cbip,003,0301,cbip, ,320,3,ApplyAddrHandler,21.160.31.145,074354, ,D723A3B62BA04BB6BB01D0C756840366,<?xml version="1.0" encoding="UTF-8"?><req><socketIp></socketIp><socketPort></socketPort><ftpIp></ftpIp><ftpPort></ftpPort><ftpPath></ftpPath><originaltext>01234567890123456789012345678901234567</originaltext><ciphertext>4f598233c4e86579231924378219a9a0e94b621a94514659948da7d76555316432af41beca3db260</ciphertext></req>
07:43:55,085,21.160.31.145-KS-074354,cbip,003,0301,cbip, ,128,2,ContentExist,21.160.31.145,074354, ,68DF10816B634044A4CDD236E313A9C4,<?xml version="1.0" encoding="UTF-8"?><req><dataType>0105</dataType><uniqMetadata>420102198801051020|����</uniqMetadata></req>
07:44:22,551,21.161.42.11-KS-074422,cbip,003,0301,cbip, ,320,3,ApplyAddrHandler,21.161.42.11,074422, ,0056651D1DEE45B2A8EEEA80CE8B47BE,<?xml version="1.0" encoding="UTF-8"?><req><socketIp></socketIp><socketPort></socketPort><ftpIp></ftpIp><ftpPort></ftpPort><ftpPath></ftpPath><originaltext>01234567890123456789012345678901234567</originaltext><ciphertext>4f598233c4e86579231924378219a9a0e94b621a94514659948da7d76555316432af41beca3db260</ciphertext></req>
07:44:22,632,21.161.42.11-KS-074422,cbip,003,0301,cbip, ,140,2,DownloadByPkuuid,21.161.42.11,074422, ,6279BA9BB2D140F595E0C378C6C3E99F,<?xml version="1.0" encoding="UTF-8"?><req><pkuuid>4F253F1660BF497A8DDEB61F32A141E6</pkuuid><includeContentFile>Y</includeContentFile></req>
07:44:24,253,21.219.78.24-KS-074424,cbip,003,0301,cbip, ,320,3,ApplyAddrHandler,21.219.78.24,074424, ,EA5B946EE2764D7CB6CBF472A694F77C,<?xml version="1.0" encoding="UTF-8"?><req><socketIp></socketIp><socketPort></socketPort><ftpIp></ftpIp><ftpPort></ftpPort><ftpPath></ftpPath><originaltext>01234567890123456789012345678901234567</originaltext><ciphertext>4f598233c4e86579231924378219a9a0e94b621a94514659948da7d76555316432af41beca3db260</ciphertext></req>
07:44:24,341,21.219.78.24-KS-074424,cbip,003,0301,cbip, ,140,2,DownloadByPkuuid,21.219.78.24,074424, ,1632D7AF0CE248C8B2C5D1296560D92E,<?xml version="1.0" encoding="UTF-8"?><req><pkuuid>FEE1ED8518A84120A5BB596B73130C7D</pkuuid><includeContentFile>N</includeContentFile></req>
07:44:25,315,21.219.78.24-KS-074424,cbip,003,0301,cbip, ,42,1,Upload,21.219.78.24,074424, ,3040F275CE4B4A14BD9492F9E3208040,boc_cbip0/4077662FB3124711A0F228A221010D06
07:44:25,452,21.107.192.93-KS-074422,cbip,003,0301,cbip, ,320,3,ApplyAddrHandler,21.107.192.93,074422, ,45994E751F614A978A4567F35418EDE4,<?xml version="1.0" encoding="UTF-8"?><req><socketIp></socketIp><socketPort></socketPort><ftpIp></ftpIp><ftpPort></ftpPort><ftpPath></ftpPath><originaltext>01234567890123456789012345678901234567</originaltext><ciphertext>4f598233c4e86579231924378219a9a0e94b621a94514659948da7d76555316432af41beca3db260</ciphertext></req>
07:44:25,664,21.107.192.93-KS-074422,cbip,003,0301,cbip, ,136,2,ContentExist,21.107.192.93,074422, ,DE484AEFFA5F48909E4850476B646B49,<?xml version="1.0" encoding="UTF-8"?><req><dataType>0107</dataType><uniqMetadata>0107|500233198808200017|Ƚ����</uniqMetadata></req>
07:44:28,129,21.202.236.225-KS-074428,cbip,003,0301,cbip, ,320,3,ApplyAddrHandler,21.202.236.225,074428, ,F8DD54AE36B24509A8CAE2E4450DD025,<?xml version="1.0" encoding="UTF-8"?><req><socketIp></socketIp><socketPort></socketPort><ftpIp></ftpIp><ftpPort></ftpPort><ftpPath></ftpPath><originaltext>01234567890123456789012345678901234567</originaltext><ciphertext>4f598233c4e86579231924378219a9a0e94b621a94514659948da7d76555316432af41beca3db260</ciphertext></req>
07:44:28,211,21.202.236.225-KS-074428,cbip,003,0301,cbip, ,136,2,ContentExist,21.202.236.225,074428, ,E300A3A766B6468E9E55CCE2C7551CDD,<?xml version="1.0" encoding="UTF-8"?><req><dataType>0106</dataType><uniqMetadata>0106|320922195909307819|����ѩ</uniqMetadata></req>
07:44:40,922,21.160.31.151-KS-074440,cbip,003,0301,cbip, ,320,3,ApplyAddrHandler,21.160.31.151,074440, ,ABE340DC3E0E429E827C801DF99C6033,<?xml version="1.0" encoding="UTF-8"?><req><socketIp></socketIp><socketPort></socketPort><ftpIp></ftpIp><ftpPort></ftpPort><ftpPath></ftpPath><originaltext>01234567890123456789012345678901234567</originaltext><ciphertext>4f598233c4e86579231924378219a9a0e94b621a94514659948da7d76555316432af41beca3db260</ciphertext></req>
07:44:41,001,21.160.31.151-KS-074440,cbip,003,0301,cbip, ,140,2,DownloadByPkuuid,21.160.31.151,074440, ,A1619B89CCD5446C867D7376B90D8225,<?xml version="1.0" encoding="UTF-8"?><req><pkuuid>E7A583F39B75442382648F99AE844AC0</pkuuid><includeContentFile>Y</includeContentFile></req>
07:44:55,564,21.160.31.145-KS-074455,cbip,003,0301,cbip, ,320,3,ApplyAddrHandler,21.160.31.145,074455, ,F0149C33D22A4A979DC8A86471AD40E9,<?xml version="1.0" encoding="UTF-8"?><req><socketIp></socketIp><socketPort></socketPort><ftpIp></ftpIp><ftpPort></ftpPort><ftpPath></ftpPath><originaltext>01234567890123456789012345678901234567</originaltext><ciphertext>4f598233c4e86579231924378219a9a0e94b621a94514659948da7d76555316432af41beca3db260</ciphertext></req>
07:44:55,639,21.160.31.145-KS-074455,cbip,003,0301,cbip, ,131,2,ContentExist,21.160.31.145,074455, ,1F6D29B4A6A945CAB28486E8C9C2F562,<?xml version="1.0" encoding="UTF-8"?><req><dataType>0105</dataType><uniqMetadata>429001198301234214|Ф����</uniqMetadata></req>
07:45:05,284,21.107.192.93-KS-074501,cbip,003,0301,cbip, ,320,3,ApplyAddrHandler,21.107.192.93,074501, ,554BE4F4CF3B420B955766224E358174,<?xml version="1.0" encoding="UTF-8"?><req><socketIp></socketIp><socketPort></socketPort><ftpIp></ftpIp><ftpPort></ftpPort><ftpPath></ftpPath><originaltext>01234567890123456789012345678901234567</originaltext><ciphertext>4f598233c4e86579231924378219a9a0e94b621a94514659948da7d76555316432af41beca3db260</ciphertext></req>
07:45:05,513,21.107.192.93-KS-074501,cbip,003,0301,cbip, ,136,2,ContentExist,21.107.192.93,074501, ,4FE9279E146A4CF0B11031EF44ADD9D5,<?xml version="1.0" encoding="UTF-8"?><req><dataType>0107</dataType><uniqMetadata>0107|500233198808200017|Ƚ����</uniqMetadata></req>
07:45:05,784,21.219.78.24-KS-074505,cbip,003,0301,cbip, ,320,3,ApplyAddrHandler,21.219.78.24,074505, ,DE82BF288C0A41BE90A1CF581DD694B4,<?xml version="1.0" encoding="UTF-8"?><req><socketIp></socketIp><socketPort></socketPort><ftpIp></ftpIp><ftpPort></ftpPort><ftpPath></ftpPath><originaltext>01234567890123456789012345678901234567</originaltext><ciphertext>4f598233c4e86579231924378219a9a0e94b621a94514659948da7d76555316432af41beca3db260</ciphertext></req>
07:45:05,876,21.219.78.24-KS-074505,cbip,003,0301,cbip, ,140,2,DownloadByPkuuid,21.219.78.24,074505, ,5278363222F54448ADADF38CCBD74058,<?xml version="1.0" encoding="UTF-8"?><req><pkuuid>FEE1ED8518A84120A5BB596B73130C7D</pkuuid><includeContentFile>N</includeContentFile></req>
07:45:06,801,21.219.78.24-KS-074505,cbip,003,0301,cbip, ,42,1,Upload,21.219.78.24,074505, ,A2EDD4D2059C43CDA339AAF60E02F743,boc_cbip2/59BA56DDABF64E10AE873873AA3034F1
07:45:36,975,21.160.31.145-KS-074536,cbip,003,0301,cbip, ,320,3,ApplyAddrHandler,21.160.31.145,074536, ,0401510333C64274AE9550E17B8B4718,<?xml version="1.0" encoding="UTF-8"?><req><socketIp></socketIp><socketPort></socketPort><ftpIp></ftpIp><ftpPort></ftpPort><ftpPath></ftpPath><originaltext>01234567890123456789012345678901234567</originaltext><ciphertext>4f598233c4e86579231924378219a9a0e94b621a94514659948da7d76555316432af41beca3db260</ciphertext></req>
07:45:37,051,21.160.31.145-KS-074536,cbip,003,0301,cbip, ,140,2,DownloadByPkuuid,21.160.31.145,074536, ,F26C2569E4184543AF8233EB0D9F8D7C,<?xml version="1.0" encoding="UTF-8"?><req><pkuuid>9D1744BE033847CFA2DC5CAE2F478BCF</pkuuid><includeContentFile>Y</includeContentFile></req>
07:46:16,998,21.164.24.22-KS-074616,cbip,003,0301,cbip, ,320,3,ApplyAddrHandler,21.164.24.22,074616, ,67A6EAD4BCFD4D36A05DEE72010C1B29,<?xml version="1.0" encoding="UTF-8"?><req><socketIp></socketIp><socketPort></socketPort><ftpIp></ftpIp><ftpPort></ftpPort><ftpPath></ftpPath><originaltext>01234567890123456789012345678901234567</originaltext><ciphertext>4f598233c4e86579231924378219a9a0e94b621a94514659948da7d76555316432af41beca3db260</ciphertext></req>
07:46:17,091,21.164.24.22-KS-074616,cbip,003,0301,cbip, ,140,2,DownloadByPkuuid,21.164.24.22,074616, ,8343896FE5D94EFE83F709B58163E396,<?xml version="1.0" encoding="UTF-8"?><req><pkuuid>0DE577341A4B49F9AE50C3CF7D23E724</pkuuid><includeContentFile>N</includeContentFile></req>
07:46:18,645,21.164.24.22-KS-074616,cbip,003,0301,cbip, ,42,1,Upload,21.164.24.22,074616, ,41935DC219AA47B6A820B2A8AE9036B8,boc_cbip9/07B950F08C1D468B9306A7A3BC0894B8
07:46:34,052,21.160.31.151-KS-074633,cbip,003,0301,cbip, ,320,3,ApplyAddrHandler,21.160.31.151,074633, ,6BEF5B4A57314C37BC819DDAD793CD5B,<?xml version="1.0" encoding="UTF-8"?><req><socketIp></socketIp><socketPort></socketPort><ftpIp></ftpIp><ftpPort></ftpPort><ftpPath></ftpPath><originaltext>01234567890123456789012345678901234567</originaltext><ciphertext>4f598233c4e86579231924378219a9a0e94b621a94514659948da7d76555316432af41beca3db260</ciphertext></req>
07:46:34,060,21.198.129.33-KS-074634,cbip,003,0301,cbip, ,320,3,ApplyAddrHandler,21.198.129.33,074634, ,2F383E2144DE4BF2B929522C95FF8177,<?xml version="1.0" encoding="UTF-8"?><req><socketIp></socketIp><socketPort></socketPort><ftpIp></ftpIp><ftpPort></ftpPort><ftpPath></ftpPath><originaltext>01234567890123456789012345678901234567</originaltext><ciphertext>4f598233c4e86579231924378219a9a0e94b621a94514659948da7d76555316432af41beca3db260</ciphertext></req>
07:46:34,127,21.160.31.151-KS-074633,cbip,003,0301,cbip, ,128,2,ContentExist,21.160.31.151,074633, ,17E0880D203544BDAB25BAB68277B4BF,<?xml version="1.0" encoding="UTF-8"?><req><dataType>0105</dataType><uniqMetadata>422801199608174633|Ҧ��</uniqMetadata></req>
07:46:34,130,21.198.129.33-KS-074634,cbip,003,0301,cbip, ,140,2,DownloadByPkuuid,21.198.129.33,074634, ,E3244D80B04E4ACA9C2057910EA95383,<?xml version="1.0" encoding="UTF-8"?><req><pkuuid>F4705679FC2B42B6978394DD70986C99</pkuuid><includeContentFile>N</includeContentFile></req>
07:46:35,001,21.198.129.33-KS-074634,cbip,003,0301,cbip, ,42,1,Upload,21.198.129.33,074634, ,8E722D5716494243AF3C7ABD4786685B,boc_cbip5/9E2A7543952941C2AC3AABD6BC8D31C4
07:46:35,563,21.164.166.199-KS-074635,cbip,003,0301,cbip, ,320,3,ApplyAddrHandler,21.164.166.199,074635, ,BA41EFAF4F234A43AE4F23A9AB5417F4,<?xml version="1.0" encoding="UTF-8"?><req><socketIp></socketIp><socketPort></socketPort><ftpIp></ftpIp><ftpPort></ftpPort><ftpPath></ftpPath><originaltext>01234567890123456789012345678901234567</originaltext><ciphertext>4f598233c4e86579231924378219a9a0e94b621a94514659948da7d76555316432af41beca3db260</ciphertext></req>
07:46:35,635,21.164.166.199-KS-074635,cbip,003,0301,cbip, ,140,2,DownloadByPkuuid,21.164.166.199,074635, ,CD414E4768C04144AA2402AE96EF5649,<?xml version="1.0" encoding="UTF-8"?><req><pkuuid>750E20094A4D474894008EE7490E7A38</pkuuid><includeContentFile>N</includeContentFile></req>
07:46:36,489,21.164.166.199-KS-074635,cbip,003,0301,cbip, ,42,1,Upload,21.164.166.199,074635, ,3522DA9C9B894A418B735D221B809F2A,boc_cbip5/368B34F6E9F14AD1A1194C4595732392
07:46:47,451,21.42.32.132-KS-074647,cbip,003,0301,cbip, ,320,3,ApplyAddrHandler,21.42.32.132,074647, ,DB9B9AF94C0B49239B9868F761C69BE1,<?xml version="1.0" encoding="UTF-8"?><req><socketIp></socketIp><socketPort></socketPort><ftpIp></ftpIp><ftpPort></ftpPort><ftpPath></ftpPath><originaltext>01234567890123456789012345678901234567</originaltext><ciphertext>4f598233c4e86579231924378219a9a0e94b621a94514659948da7d76555316432af41beca3db260</ciphertext></req>
07:46:47,573,21.42.32.132-KS-074647,cbip,003,0301,cbip, ,140,2,DownloadByPkuuid,21.42.32.132,074647, ,700A9D6D4A29442580B898BB1329CE57,<?xml version="1.0" encoding="UTF-8"?><req><pkuuid>CF2EA512A3564B9298694D7396287E3D</pkuuid><includeContentFile>N</includeContentFile></req>
07:46:48,752,21.42.32.132-KS-074647,cbip,003,0301,cbip, ,42,1,Upload,21.42.32.132,074647, ,0AD5C2879B604FB3A828AE599C665941,boc_cbip4/DDDFF9E47F034687B73B080453BECD4E
07:47:11,494,21.202.236.225-KS-074711,cbip,003,0301,cbip, ,320,3,ApplyAddrHandler,21.202.236.225,074711, ,B5187178D9BF4A9DB20AA745236A1BB1,<?xml version="1.0" encoding="UTF-8"?><req><socketIp></socketIp><socketPort></socketPort><ftpIp></ftpIp><ftpPort></ftpPort><ftpPath></ftpPath><originaltext>01234567890123456789012345678901234567</originaltext><ciphertext>4f598233c4e86579231924378219a9a0e94b621a94514659948da7d76555316432af41beca3db260</ciphertext></req>
07:47:11,575,21.202.236.225-KS-074711,cbip,003,0301,cbip, ,136,2,ContentExist,21.202.236.225,074711, ,C5AEA43F7EF5476CA4BFFCEC1BD39A5B,<?xml version="1.0" encoding="UTF-8"?><req><dataType>0106</dataType><uniqMetadata>0106|320922195909307819|����ѩ</uniqMetadata></req>
07:47:33,713,21.160.31.151-KS-074733,cbip,003,0301,cbip, ,320,3,ApplyAddrHandler,21.160.31.151,074733, ,25105621FE4B4049B023B040FB4CC538,<?xml version="1.0" encoding="UTF-8"?><req><socketIp></socketIp><socketPort></socketPort><ftpIp></ftpIp><ftpPort></ftpPort><ftpPath></ftpPath><originaltext>01234567890123456789012345678901234567</originaltext><ciphertext>4f598233c4e86579231924378219a9a0e94b621a94514659948da7d76555316432af41beca3db260</ciphertext></req>
07:47:33,788,21.160.31.151-KS-074733,cbip,003,0301,cbip, ,131,2,ContentExist,21.160.31.151,074733, ,A1B95E4BD01F4AF6B9C6058B9EC6B1A1,<?xml version="1.0" encoding="UTF-8"?><req><dataType>0105</dataType><uniqMetadata>422802197202022215|�ֵ¾�</uniqMetadata></req>
07:47:48,774,21.160.31.145-KS-074748,cbip,003,0301,cbip, ,320,3,ApplyAddrHandler,21.160.31.145,074748, ,1AA4F295D0354E90BD2EFCD81BA5CD12,<?xml version="1.0" encoding="UTF-8"?><req><socketIp></socketIp><socketPort></socketPort><ftpIp></ftpIp><ftpPort></ftpPort><ftpPath></ftpPath><originaltext>01234567890123456789012345678901234567</originaltext><ciphertext>4f598233c4e86579231924378219a9a0e94b621a94514659948da7d76555316432af41beca3db260</ciphertext></req>
07:47:48,849,21.160.31.145-KS-074748,cbip,003,0301,cbip, ,131,2,ContentExist,21.160.31.145,074748, ,EBC1E8E767234308B544D3E448358179,<?xml version="1.0" encoding="UTF-8"?><req><dataType>0105</dataType><uniqMetadata>421202199807158516|�����</uniqMetadata></req>
07:48:07,387,21.198.67.61-KS-074807,cbip,003,0301,cbip, ,320,3,ApplyAddrHandler,21.198.67.61,074807, ,55296493F7C5408989DE41DEF924B72C,<?xml version="1.0" encoding="UTF-8"?><req><socketIp></socketIp><socketPort></socketPort><ftpIp></ftpIp><ftpPort></ftpPort><ftpPath></ftpPath><originaltext>01234567890123456789012345678901234567</originaltext><ciphertext>4f598233c4e86579231924378219a9a0e94b621a94514659948da7d76555316432af41beca3db260</ciphertext></req>
07:48:07,472,21.198.67.61-KS-074807,cbip,003,0301,cbip, ,128,2,ContentExist,21.198.67.61,074807, ,E06FB391B9794FE6AE6ADEF4CF2EB3DC,<?xml version="1.0" encoding="UTF-8"?><req><dataType>0107</dataType><uniqMetadata>0107|0180967462|�ִ���</uniqMetadata></req>
07:49:02,307,21.160.31.145-KS-074902,cbip,003,0301,cbip, ,320,3,ApplyAddrHandler,21.160.31.145,074902, ,4644F1019FFC4724AEDF0CD03C650724,<?xml version="1.0" encoding="UTF-8"?><req><socketIp></socketIp><socketPort></socketPort><ftpIp></ftpIp><ftpPort></ftpPort><ftpPath></ftpPath><originaltext>01234567890123456789012345678901234567</originaltext><ciphertext>4f598233c4e86579231924378219a9a0e94b621a94514659948da7d76555316432af41beca3db260</ciphertext></req>
07:49:02,382,21.160.31.145-KS-074902,cbip,003,0301,cbip, ,131,2,ContentExist,21.160.31.145,074902, ,42F93ED966EB4738B6B28919CE4C8CC0,<?xml version="1.0" encoding="UTF-8"?><req><dataType>0105</dataType><uniqMetadata>413028197407150092|�ں���</uniqMetadata></req>
07:49:21,456,21.160.31.151-KS-074921,cbip,003,0301,cbip, ,320,3,ApplyAddrHandler,21.160.31.151,074921, ,92AF766C3369428B9A2C8AA8313F2157,<?xml version="1.0" encoding="UTF-8"?><req><socketIp></socketIp><socketPort></socketPort><ftpIp></ftpIp><ftpPort></ftpPort><ftpPath></ftpPath><originaltext>01234567890123456789012345678901234567</originaltext><ciphertext>4f598233c4e86579231924378219a9a0e94b621a94514659948da7d76555316432af41beca3db260</ciphertext></req>
07:49:21,530,21.160.31.151-KS-074921,cbip,003,0301,cbip, ,131,2,ContentExist,21.160.31.151,074921, ,A44790562B804C979019F37050B39357,<?xml version="1.0" encoding="UTF-8"?><req><dataType>0105</dataType><uniqMetadata>422802197501082197|��ʱ��</uniqMetadata></req>
07:49:22,331,21.164.166.199-KS-074922,cbip,003,0301,cbip, ,320,3,ApplyAddrHandler,21.164.166.199,074922, ,8339CA10013148728BE3404F37C27A79,<?xml version="1.0" encoding="UTF-8"?><req><socketIp></socketIp><socketPort></socketPort><ftpIp></ftpIp><ftpPort></ftpPort><ftpPath></ftpPath><originaltext>01234567890123456789012345678901234567</originaltext><ciphertext>4f598233c4e86579231924378219a9a0e94b621a94514659948da7d76555316432af41beca3db260</ciphertext></req>
07:49:22,405,21.164.166.199-KS-074922,cbip,003,0301,cbip, ,140,2,DownloadByPkuuid,21.164.166.199,074922, ,6F052F7E37B74053928001AA9B8F5647,<?xml version="1.0" encoding="UTF-8"?><req><pkuuid>750E20094A4D474894008EE7490E7A38</pkuuid><includeContentFile>N</includeContentFile></req>
07:49:23,227,21.164.166.199-KS-074922,cbip,003,0301,cbip, ,42,1,Upload,21.164.166.199,074922, ,12A8812079B147698A9030829785C399,boc_cbip7/E52708BA54DA4D56867966DB1D5CCA46
07:49:42,836,21.160.31.145-KS-074942,cbip,003,0301,cbip, ,320,3,ApplyAddrHandler,21.160.31.145,074942, ,309097CBF90D4F3A961A123B4BDD004D,<?xml version="1.0" encoding="UTF-8"?><req><socketIp></socketIp><socketPort></socketPort><ftpIp></ftpIp><ftpPort></ftpPort><ftpPath></ftpPath><originaltext>01234567890123456789012345678901234567</originaltext><ciphertext>4f598233c4e86579231924378219a9a0e94b621a94514659948da7d76555316432af41beca3db260</ciphertext></req>
07:49:42,911,21.160.31.145-KS-074942,cbip,003,0301,cbip, ,131,2,ContentExist,21.160.31.145,074942, ,0D3FBB4F32024A989DA6ECC7FAB2AED1,<?xml version="1.0" encoding="UTF-8"?><req><dataType>0105</dataType><uniqMetadata>422128194907160011|�����</uniqMetadata></req>
07:49:45,737,21.49.192.26-KS-074945,cbip,003,0301,cbip, ,320,3,ApplyAddrHandler,21.49.192.26,074945, ,42FCE521DB0C4C888DDA1731A1977DC2,<?xml version="1.0" encoding="UTF-8"?><req><socketIp></socketIp><socketPort></socketPort><ftpIp></ftpIp><ftpPort></ftpPort><ftpPath></ftpPath><originaltext>01234567890123456789012345678901234567</originaltext><ciphertext>4f598233c4e86579231924378219a9a0e94b621a94514659948da7d76555316432af41beca3db260</ciphertext></req>
07:49:45,807,21.49.192.26-KS-074945,cbip,003,0301,cbip, ,128,2,ContentExist,21.49.192.26,074945, ,D5CBC774A3724AC4969373CEFBA475FE,<?xml version="1.0" encoding="UTF-8"?><req><dataType>0107</dataType><uniqMetadata>0107|0059436239|������</uniqMetadata></req>
07:50:39,844,21.160.31.145-KS-075039,cbip,003,0301,cbip, ,320,3,ApplyAddrHandler,21.160.31.145,075039, ,8BA4C4959EBC4D628DFA4A7E88D37F17,<?xml version="1.0" encoding="UTF-8"?><req><socketIp></socketIp><socketPort></socketPort><ftpIp></ftpIp><ftpPort></ftpPort><ftpPath></ftpPath><originaltext>01234567890123456789012345678901234567</originaltext><ciphertext>4f598233c4e86579231924378219a9a0e94b621a94514659948da7d76555316432af41beca3db260</ciphertext></req>
07:50:39,919,21.160.31.145-KS-075039,cbip,003,0301,cbip, ,140,2,DownloadByPkuuid,21.160.31.145,075039, ,3F69A753CA4F410F96C88E6909509195,<?xml version="1.0" encoding="UTF-8"?><req><pkuuid>38632B161DFB4DA693B76A50FFA177E4</pkuuid><includeContentFile>Y</includeContentFile></req>
07:51:08,084,21.160.31.151-KS-075107,cbip,003,0301,cbip, ,320,3,ApplyAddrHandler,21.160.31.151,075107, ,778D5DA0C04E4780A28F0BB4313D6868,<?xml version="1.0" encoding="UTF-8"?><req><socketIp></socketIp><socketPort></socketPort><ftpIp></ftpIp><ftpPort></ftpPort><ftpPath></ftpPath><originaltext>01234567890123456789012345678901234567</originaltext><ciphertext>4f598233c4e86579231924378219a9a0e94b621a94514659948da7d76555316432af41beca3db260</ciphertext></req>
07:51:08,159,21.160.31.151-KS-075107,cbip,003,0301,cbip, ,131,2,ContentExist,21.160.31.151,075107, ,E05305FEA1A64F6D9B020C03C79C727A,<?xml version="1.0" encoding="UTF-8"?><req><dataType>0105</dataType><uniqMetadata>422103197512150923|��СӢ</uniqMetadata></req>
07:51:24,723,21.164.25.65-KS-075124,cbip,003,0301,cbip, ,320,3,ApplyAddrHandler,21.164.25.65,075124, ,4847229F4E6B4CAAA08318BCB26BCC14,<?xml version="1.0" encoding="UTF-8"?><req><socketIp></socketIp><socketPort></socketPort><ftpIp></ftpIp><ftpPort></ftpPort><ftpPath></ftpPath><originaltext>01234567890123456789012345678901234567</originaltext><ciphertext>4f598233c4e86579231924378219a9a0e94b621a94514659948da7d76555316432af41beca3db260</ciphertext></req>
07:51:24,818,21.164.25.65-KS-075124,cbip,003,0301,cbip, ,140,2,DownloadByPkuuid,21.164.25.65,075124, ,87AC014EC71A40EEBE488F79F26665F1,<?xml version="1.0" encoding="UTF-8"?><req><pkuuid>A911974549D9454DAD53C574B1B244D3</pkuuid><includeContentFile>N</includeContentFile></req>
07:51:26,609,21.164.25.65-KS-075124,cbip,003,0301,cbip, ,42,1,Upload,21.164.25.65,075124, ,DB1F1148273C4BB6B8315416A3A137C0,boc_cbip4/0D8A15ED08E54D8CAE2B5EF4A53F1544
07:51:44,901,21.160.31.145-KS-075144,cbip,003,0301,cbip, ,320,3,ApplyAddrHandler,21.160.31.145,075144, ,F5809644DF904AC8A6226B5349B48DEE,<?xml version="1.0" encoding="UTF-8"?><req><socketIp></socketIp><socketPort></socketPort><ftpIp></ftpIp><ftpPort></ftpPort><ftpPath></ftpPath><originaltext>01234567890123456789012345678901234567</originaltext><ciphertext>4f598233c4e86579231924378219a9a0e94b621a94514659948da7d76555316432af41beca3db260</ciphertext></req>
07:51:44,977,21.160.31.145-KS-075144,cbip,003,0301,cbip, ,131,2,ContentExist,21.160.31.145,075144, ,BC017DB291344C8DACF55BF991BFB85F,<?xml version="1.0" encoding="UTF-8"?><req><dataType>0105</dataType><uniqMetadata>42212119631024791X|֣���</uniqMetadata></req>
07:51:46,306,21.217.74.25-KS-075145,cbip,003,0301,cbip, ,320,3,ApplyAddrHandler,21.217.74.25,075145, ,54AC6F065ABF40ADAEDA32F206EA86B1,<?xml version="1.0" encoding="UTF-8"?><req><socketIp></socketIp><socketPort></socketPort><ftpIp></ftpIp><ftpPort></ftpPort><ftpPath></ftpPath><originaltext>01234567890123456789012345678901234567</originaltext><ciphertext>4f598233c4e86579231924378219a9a0e94b621a94514659948da7d76555316432af41beca3db260</ciphertext></req>
07:51:46,390,21.217.74.25-KS-075145,cbip,003,0301,cbip, ,140,2,DownloadByPkuuid,21.217.74.25,075145, ,ADAEBE60AEE44A21AB0C6B01951674BE,<?xml version="1.0" encoding="UTF-8"?><req><pkuuid>ABDC5852CF99416DAEBAD6596A6B6E9B</pkuuid><includeContentFile>N</includeContentFile></req>
07:51:47,247,21.217.74.25-KS-075145,cbip,003,0301,cbip, ,42,1,Upload,21.217.74.25,075145, ,C2B1A5B259BF41FA8548D7A8557E0EC8,boc_cbip9/602734413A7C4349BFB5F91224F62D90
07:51:48,296,21.216.145.28-KS-075148,cbip,003,0301,cbip, ,320,3,ApplyAddrHandler,21.216.145.28,075148, ,D39E187DF26E4CF4AF685C6ACC9C508E,<?xml version="1.0" encoding="UTF-8"?><req><socketIp></socketIp><socketPort></socketPort><ftpIp></ftpIp><ftpPort></ftpPort><ftpPath></ftpPath><originaltext>01234567890123456789012345678901234567</originaltext><ciphertext>4f598233c4e86579231924378219a9a0e94b621a94514659948da7d76555316432af41beca3db260</ciphertext></req>
07:51:48,370,21.216.145.28-KS-075148,cbip,003,0301,cbip, ,140,2,DownloadByPkuuid,21.216.145.28,075148, ,B3FE7773B30547B0969DC2925ECC357D,<?xml version="1.0" encoding="UTF-8"?><req><pkuuid>96AA008DF04E4C399B185903FCF2CE51</pkuuid><includeContentFile>N</includeContentFile></req>
07:51:49,191,21.216.145.28-KS-075148,cbip,003,0301,cbip, ,42,1,Upload,21.216.145.28,075148, ,DA12BB60030E4406BB7951CA077E9AC0,boc_cbip1/2B88228440B044C1B92B2E4F911C437D
07:51:49,811,21.164.25.142-KS-075149,cbip,003,0301,cbip, ,320,3,ApplyAddrHandler,21.164.25.142,075149, ,7E5F740B0C484A778335DE6D964F06A3,<?xml version="1.0" encoding="UTF-8"?><req><socketIp></socketIp><socketPort></socketPort><ftpIp></ftpIp><ftpPort></ftpPort><ftpPath></ftpPath><originaltext>01234567890123456789012345678901234567</originaltext><ciphertext>4f598233c4e86579231924378219a9a0e94b621a94514659948da7d76555316432af41beca3db260</ciphertext></req>
07:51:49,994,21.164.25.142-KS-075149,cbip,003,0301,cbip, ,125,2,ContentExist,21.164.25.142,075149, ,AEBFE6A4ECD5496C83CC72D10C908A7A,<?xml version="1.0" encoding="UTF-8"?><req><dataType>0107</dataType><uniqMetadata>0107|0860873|������</uniqMetadata></req>
07:52:04,559,21.217.238.24-KS-075204,cbip,003,0301,cbip, ,320,3,ApplyAddrHandler,21.217.238.24,075204, ,053CDBE278554802ACF7F83F0119377A,<?xml version="1.0" encoding="UTF-8"?><req><socketIp></socketIp><socketPort></socketPort><ftpIp></ftpIp><ftpPort></ftpPort><ftpPath></ftpPath><originaltext>01234567890123456789012345678901234567</originaltext><ciphertext>4f598233c4e86579231924378219a9a0e94b621a94514659948da7d76555316432af41beca3db260</ciphertext></req>
07:52:04,655,21.217.238.24-KS-075204,cbip,003,0301,cbip, ,136,2,ContentExist,21.217.238.24,075204, ,77987C501B1B43D59790CFD0624B7318,<?xml version="1.0" encoding="UTF-8"?><req><dataType>0107</dataType><uniqMetadata>0107|340221199201097868|��ѩ��</uniqMetadata></req>
07:52:04,743,21.160.31.151-KS-075204,cbip,003,0301,cbip, ,320,3,ApplyAddrHandler,21.160.31.151,075204, ,742249E29796494AA33A9EBCBB0C71DC,<?xml version="1.0" encoding="UTF-8"?><req><socketIp></socketIp><socketPort></socketPort><ftpIp></ftpIp><ftpPort></ftpPort><ftpPath></ftpPath><originaltext>01234567890123456789012345678901234567</originaltext><ciphertext>4f598233c4e86579231924378219a9a0e94b621a94514659948da7d76555316432af41beca3db260</ciphertext></req>
07:52:04,818,21.160.31.151-KS-075204,cbip,003,0301,cbip, ,140,2,DownloadByPkuuid,21.160.31.151,075204, ,671094ECBEC64D0F9F0E2FAD0C58C9A3,<?xml version="1.0" encoding="UTF-8"?><req><pkuuid>18CFCCE52A644DE68F4803DBB3DBA138</pkuuid><includeContentFile>Y</includeContentFile></req>
07:53:16,070,21.164.24.71-KS-075314,cbip,003,0301,cbip, ,320,3,ApplyAddrHandler,21.164.24.71,075314, ,3994E918434348B297330DB4F5257C2E,<?xml version="1.0" encoding="UTF-8"?><req><socketIp></socketIp><socketPort></socketPort><ftpIp></ftpIp><ftpPort></ftpPort><ftpPath></ftpPath><originaltext>01234567890123456789012345678901234567</originaltext><ciphertext>4f598233c4e86579231924378219a9a0e94b621a94514659948da7d76555316432af41beca3db260</ciphertext></req>
07:53:16,170,21.164.24.71-KS-075314,cbip,003,0301,cbip, ,140,2,DownloadByPkuuid,21.164.24.71,075314, ,59FE0AB6E4434E43AF3B26C42288F674,<?xml version="1.0" encoding="UTF-8"?><req><pkuuid>20D1D2F2115142809A30482D1536E574</pkuuid><includeContentFile>N</includeContentFile></req>
07:53:17,916,21.164.24.71-KS-075314,cbip,003,0301,cbip, ,42,1,Upload,21.164.24.71,075314, ,99B8F296FBEA41B2BF6C961A58396C40,boc_cbip2/61445A3D63AA4282BFFAF9AC5B0878A9
07:53:28,329,21.164.25.24-KS-075327,cbip,003,0301,cbip, ,320,3,ApplyAddrHandler,21.164.25.24,075327, ,53AB22E6371A4FB498FE6D98BB13FA91,<?xml version="1.0" encoding="UTF-8"?><req><socketIp></socketIp><socketPort></socketPort><ftpIp></ftpIp><ftpPort></ftpPort><ftpPath></ftpPath><originaltext>01234567890123456789012345678901234567</originaltext><ciphertext>4f598233c4e86579231924378219a9a0e94b621a94514659948da7d76555316432af41beca3db260</ciphertext></req>
07:53:28,497,21.164.25.24-KS-075327,cbip,003,0301,cbip, ,125,2,ContentExist,21.164.25.24,075327, ,77D53CF7BDFD4FD28DA8831D38E077EB,<?xml version="1.0" encoding="UTF-8"?><req><dataType>0107</dataType><uniqMetadata>0107|6814687|���ұ�</uniqMetadata></req>
07:53:36,544,21.160.31.145-KS-075336,cbip,003,0301,cbip, ,320,3,ApplyAddrHandler,21.160.31.145,075336, ,6ECCD646E1634CE3B4B8293EC432A8B6,<?xml version="1.0" encoding="UTF-8"?><req><socketIp></socketIp><socketPort></socketPort><ftpIp></ftpIp><ftpPort></ftpPort><ftpPath></ftpPath><originaltext>01234567890123456789012345678901234567</originaltext><ciphertext>4f598233c4e86579231924378219a9a0e94b621a94514659948da7d76555316432af41beca3db260</ciphertext></req>
07:53:36,619,21.160.31.145-KS-075336,cbip,003,0301,cbip, ,131,2,ContentExist,21.160.31.145,075336, ,2CBADD0B235749D2ABFA3514A46D82EF,<?xml version="1.0" encoding="UTF-8"?><req><dataType>0105</dataType><uniqMetadata>42112119960526201X|ղ�ನ</uniqMetadata></req>
07:54:01,536,21.160.31.151-KS-075401,cbip,003,0301,cbip, ,320,3,ApplyAddrHandler,21.160.31.151,075401, ,9E39218128E84103BA7CDA5A04B7A0C2,<?xml version="1.0" encoding="UTF-8"?><req><socketIp></socketIp><socketPort></socketPort><ftpIp></ftpIp><ftpPort></ftpPort><ftpPath></ftpPath><originaltext>01234567890123456789012345678901234567</originaltext><ciphertext>4f598233c4e86579231924378219a9a0e94b621a94514659948da7d76555316432af41beca3db260</ciphertext></req>
07:54:01,612,21.160.31.151-KS-075401,cbip,003,0301,cbip, ,140,2,DownloadByPkuuid,21.160.31.151,075401, ,785E06B4023A48EFA1F87B1A1821135E,<?xml version="1.0" encoding="UTF-8"?><req><pkuuid>4730B9FFDEBB4EC383C8075C32DEB47C</pkuuid><includeContentFile>Y</includeContentFile></req>
07:54:07,463,21.160.31.145-KS-075407,cbip,003,0301,cbip, ,320,3,ApplyAddrHandler,21.160.31.145,075407, ,0458CEA8A64E4727833432350AAEA599,<?xml version="1.0" encoding="UTF-8"?><req><socketIp></socketIp><socketPort></socketPort><ftpIp></ftpIp><ftpPort></ftpPort><ftpPath></ftpPath><originaltext>01234567890123456789012345678901234567</originaltext><ciphertext>4f598233c4e86579231924378219a9a0e94b621a94514659948da7d76555316432af41beca3db260</ciphertext></req>
07:54:07,539,21.160.31.145-KS-075407,cbip,003,0301,cbip, ,140,2,DownloadByPkuuid,21.160.31.145,075407, ,4938FF0958BA4B98843916FF676936DA,<?xml version="1.0" encoding="UTF-8"?><req><pkuuid>C52E7B80562943B89547E1960B575936</pkuuid><includeContentFile>Y</includeContentFile></req>
07:54:51,191,127.0.1.1-KS-075739,cbip,003,0301,cbip, ,320,3,ApplyAddrHandler,127.0.1.1,075739, ,C6B39631FF894C9EB56F2547F267DD4E,<?xml version="1.0" encoding="UTF-8"?><req><socketIp></socketIp><socketPort></socketPort><ftpIp></ftpIp><ftpPort></ftpPort><ftpPath></ftpPath><originaltext>01234567890123456789012345678901234567</originaltext><ciphertext>4f598233c4e86579231924378219a9a0e94b621a94514659948da7d76555316432af41beca3db260</ciphertext></req>
07:54:51,269,127.0.1.1-KS-075739,cbip,003,0301,cbip, ,133,2,ContentExist,127.0.1.1,075739, ,0280423752A143B9BE71C39373B307F8,<?xml version="1.0" encoding="UTF-8"?><req><dataType>0107</dataType><uniqMetadata>0107|320522197312273537|��ΰ</uniqMetadata></req>
07:55:05,461,21.198.99.99-KS-075505,cbip,003,0301,cbip, ,320,3,ApplyAddrHandler,21.198.99.99,075505, ,D11483979E7D4F97B9814FA1B3EDCE6E,<?xml version="1.0" encoding="UTF-8"?><req><socketIp></socketIp><socketPort></socketPort><ftpIp></ftpIp><ftpPort></ftpPort><ftpPath></ftpPath><originaltext>01234567890123456789012345678901234567</originaltext><ciphertext>4f598233c4e86579231924378219a9a0e94b621a94514659948da7d76555316432af41beca3db260</ciphertext></req>
07:55:05,530,21.198.99.99-KS-075505,cbip,003,0301,cbip, ,140,2,DownloadByPkuuid,21.198.99.99,075505, ,14B12950BA5B413DB3B65E17C8059428,<?xml version="1.0" encoding="UTF-8"?><req><pkuuid>E1A41D2F0B884171BA2E167F11E6AFDD</pkuuid><includeContentFile>N</includeContentFile></req>
07:55:06,322,21.198.99.99-KS-075505,cbip,003,0301,cbip, ,42,1,Upload,21.198.99.99,075505, ,120382577AB14EC1BC2923D45F1334C6,boc_cbip3/1720CD407B0147B58B4B14F4770024FD
07:55:17,595,127.0.1.1-KS-075805,cbip,003,0301,cbip, ,320,3,ApplyAddrHandler,127.0.1.1,075805, ,40522F2B70254D48BAC42C7F736C58F9,<?xml version="1.0" encoding="UTF-8"?><req><socketIp></socketIp><socketPort></socketPort><ftpIp></ftpIp><ftpPort></ftpPort><ftpPath></ftpPath><originaltext>01234567890123456789012345678901234567</originaltext><ciphertext>4f598233c4e86579231924378219a9a0e94b621a94514659948da7d76555316432af41beca3db260</ciphertext></req>
07:55:17,673,127.0.1.1-KS-075805,cbip,003,0301,cbip, ,133,2,ContentExist,127.0.1.1,075805, ,C0A87B3BB3A94CFE937FA09CC2C27EAE,<?xml version="1.0" encoding="UTF-8"?><req><dataType>0107</dataType><uniqMetadata>0107|320522197312273537|��ΰ</uniqMetadata></req>
07:55:18,283,21.160.31.151-KS-075517,cbip,003,0301,cbip, ,320,3,ApplyAddrHandler,21.160.31.151,075517, ,62335038280D49809BB2E4E13FE7A1BD,<?xml version="1.0" encoding="UTF-8"?><req><socketIp></socketIp><socketPort></socketPort><ftpIp></ftpIp><ftpPort></ftpPort><ftpPath></ftpPath><originaltext>01234567890123456789012345678901234567</originaltext><ciphertext>4f598233c4e86579231924378219a9a0e94b621a94514659948da7d76555316432af41beca3db260</ciphertext></req>
07:55:18,358,21.160.31.151-KS-075517,cbip,003,0301,cbip, ,131,2,ContentExist,21.160.31.151,075517, ,6DE9A950CCFE4B689CC7C1CD95BDAB0E,<?xml version="1.0" encoding="UTF-8"?><req><dataType>0105</dataType><uniqMetadata>422121196609181636|������</uniqMetadata></req>
07:55:20,411,21.160.31.145-KS-075520,cbip,003,0301,cbip, ,320,3,ApplyAddrHandler,21.160.31.145,075520, ,B42E9621ED154E0F9AF7B9A890141399,<?xml version="1.0" encoding="UTF-8"?><req><socketIp></socketIp><socketPort></socketPort><ftpIp></ftpIp><ftpPort></ftpPort><ftpPath></ftpPath><originaltext>01234567890123456789012345678901234567</originaltext><ciphertext>4f598233c4e86579231924378219a9a0e94b621a94514659948da7d76555316432af41beca3db260</ciphertext></req>
07:55:20,486,21.160.31.145-KS-075520,cbip,003,0301,cbip, ,128,2,ContentExist,21.160.31.145,075520, ,56DE5549D27C488DBA3515D02DE96C29,<?xml version="1.0" encoding="UTF-8"?><req><dataType>0105</dataType><uniqMetadata>42102320000706493X|����</uniqMetadata></req>
07:56:26,720,21.164.166.197-KS-075626,cbip,003,0301,cbip, ,320,3,ApplyAddrHandler,21.164.166.197,075626, ,7D7C514904BA490EA8BA6E6BDEC5FA04,<?xml version="1.0" encoding="UTF-8"?><req><socketIp></socketIp><socketPort></socketPort><ftpIp></ftpIp><ftpPort></ftpPort><ftpPath></ftpPath><originaltext>01234567890123456789012345678901234567</originaltext><ciphertext>4f598233c4e86579231924378219a9a0e94b621a94514659948da7d76555316432af41beca3db260</ciphertext></req>
07:56:26,796,21.164.166.197-KS-075626,cbip,003,0301,cbip, ,136,2,ContentExist,21.164.166.197,075626, ,B146596439F84EBEA6F7FFFC1A0D567E,<?xml version="1.0" encoding="UTF-8"?><req><dataType>0107</dataType><uniqMetadata>0107|320524195810020536|�»ݸ�</uniqMetadata></req>
07:56:27,258,21.219.186.107-KS-075627,cbip,003,0301,cbip, ,320,3,ApplyAddrHandler,21.219.186.107,075627, ,4ACF2F9FDD6B4319B57F52349B805FA7,<?xml version="1.0" encoding="UTF-8"?><req><socketIp></socketIp><socketPort></socketPort><ftpIp></ftpIp><ftpPort></ftpPort><ftpPath></ftpPath><originaltext>01234567890123456789012345678901234567</originaltext><ciphertext>4f598233c4e86579231924378219a9a0e94b621a94514659948da7d76555316432af41beca3db260</ciphertext></req>
07:56:27,358,21.219.186.107-KS-075627,cbip,003,0301,cbip, ,127,2,ContentExist,21.219.186.107,075627, ,A0BB0297FFA140CAA05F74560DB27D48,<?xml version="1.0" encoding="UTF-8"?><req><dataType>0107</dataType><uniqMetadata>0107|402283088|�ºƶ�</uniqMetadata></req>
07:56:33,783,21.164.24.192-KS-075632,cbip,003,0301,cbip, ,320,3,ApplyAddrHandler,21.164.24.192,075632, ,00860794EE624739B7957B239FC576F1,<?xml version="1.0" encoding="UTF-8"?><req><socketIp></socketIp><socketPort></socketPort><ftpIp></ftpIp><ftpPort></ftpPort><ftpPath></ftpPath><originaltext>01234567890123456789012345678901234567</originaltext><ciphertext>4f598233c4e86579231924378219a9a0e94b621a94514659948da7d76555316432af41beca3db260</ciphertext></req>
07:56:33,869,21.164.24.192-KS-075632,cbip,003,0301,cbip, ,140,2,DownloadByPkuuid,21.164.24.192,075632, ,0F4C8405EAF54238A16F9D6F8FE5DD18,<?xml version="1.0" encoding="UTF-8"?><req><pkuuid>C4B7D52B899E42ABBAEBF48BA664E1D7</pkuuid><includeContentFile>N</includeContentFile></req>
07:56:35,218,21.164.24.192-KS-075632,cbip,003,0301,cbip, ,42,1,Upload,21.164.24.192,075632, ,5AEEF22217454DF0BBB371AE6433AD45,boc_cbip3/CC4593C66F0D47F0B6DCF11ECE5DF302
07:57:19,799,21.160.31.145-KS-075719,cbip,003,0301,cbip, ,320,3,ApplyAddrHandler,21.160.31.145,075719, ,2C9F78862F4D421A9F6BB8F952B6C8FF,<?xml version="1.0" encoding="UTF-8"?><req><socketIp></socketIp><socketPort></socketPort><ftpIp></ftpIp><ftpPort></ftpPort><ftpPath></ftpPath><originaltext>01234567890123456789012345678901234567</originaltext><ciphertext>4f598233c4e86579231924378219a9a0e94b621a94514659948da7d76555316432af41beca3db260</ciphertext></req>
07:57:19,874,21.160.31.145-KS-075719,cbip,003,0301,cbip, ,128,2,ContentExist,21.160.31.145,075719, ,4FFAC09FAD5B4208AA72D949FAB4CBA9,<?xml version="1.0" encoding="UTF-8"?><req><dataType>0105</dataType><uniqMetadata>421127200209071725|���</uniqMetadata></req>
07:57:53,791,21.160.31.145-KS-075753,cbip,003,0301,cbip, ,320,3,ApplyAddrHandler,21.160.31.145,075753, ,A372BAD79683479FBC7E38439558844C,<?xml version="1.0" encoding="UTF-8"?><req><socketIp></socketIp><socketPort></socketPort><ftpIp></ftpIp><ftpPort></ftpPort><ftpPath></ftpPath><originaltext>01234567890123456789012345678901234567</originaltext><ciphertext>4f598233c4e86579231924378219a9a0e94b621a94514659948da7d76555316432af41beca3db260</ciphertext></req>
07:57:53,866,21.160.31.145-KS-075753,cbip,003,0301,cbip, ,128,2,ContentExist,21.160.31.145,075753, ,3700B26EC0B94098809BBE5C2C01D691,<?xml version="1.0" encoding="UTF-8"?><req><dataType>0105</dataType><uniqMetadata>420106197012284017|лΡ</uniqMetadata></req>
07:57:56,391,21.160.31.151-KS-075756,cbip,003,0301,cbip, ,320,3,ApplyAddrHandler,21.160.31.151,075756, ,EB582C2B9A0045CAB434E573B9981C42,<?xml version="1.0" encoding="UTF-8"?><req><socketIp></socketIp><socketPort></socketPort><ftpIp></ftpIp><ftpPort></ftpPort><ftpPath></ftpPath><originaltext>01234567890123456789012345678901234567</originaltext><ciphertext>4f598233c4e86579231924378219a9a0e94b621a94514659948da7d76555316432af41beca3db260</ciphertext></req>
07:57:56,465,21.160.31.151-KS-075756,cbip,003,0301,cbip, ,128,2,ContentExist,21.160.31.151,075756, ,65CAF45595FA41FBAC03E5E6E00009CC,<?xml version="1.0" encoding="UTF-8"?><req><dataType>0105</dataType><uniqMetadata>42110219800221041X|��ΰ</uniqMetadata></req>
07:58:03,956,21.164.25.171-KS-075803,cbip,003,0301,cbip, ,320,3,ApplyAddrHandler,21.164.25.171,075803, ,E6F389BF37744D4FBC05D75B2AE55B2E,<?xml version="1.0" encoding="UTF-8"?><req><socketIp></socketIp><socketPort></socketPort><ftpIp></ftpIp><ftpPort></ftpPort><ftpPath></ftpPath><originaltext>01234567890123456789012345678901234567</originaltext><ciphertext>4f598233c4e86579231924378219a9a0e94b621a94514659948da7d76555316432af41beca3db260</ciphertext></req>
07:58:04,052,21.164.25.171-KS-075803,cbip,003,0301,cbip, ,140,2,DownloadByPkuuid,21.164.25.171,075803, ,08B5786A2F7F48A48560F644DEC9535C,<?xml version="1.0" encoding="UTF-8"?><req><pkuuid>23C88415F8A344DD909C5094BA5C7D29</pkuuid><includeContentFile>N</includeContentFile></req>
07:58:06,091,21.164.25.171-KS-075803,cbip,003,0301,cbip, ,42,1,Upload,21.164.25.171,075803, ,BA5C5721706F4DD7AD6F113A00F43FE5,boc_cbip4/3568C014E90E4C3B938605152E21CD19
07:58:57,698,21.219.186.107-KS-075857,cbip,003,0301,cbip, ,320,3,ApplyAddrHandler,21.219.186.107,075857, ,FBA55ED3B6964757A58B876EBA4CFC30,<?xml version="1.0" encoding="UTF-8"?><req><socketIp></socketIp><socketPort></socketPort><ftpIp></ftpIp><ftpPort></ftpPort><ftpPath></ftpPath><originaltext>01234567890123456789012345678901234567</originaltext><ciphertext>4f598233c4e86579231924378219a9a0e94b621a94514659948da7d76555316432af41beca3db260</ciphertext></req>
07:58:57,797,21.219.186.107-KS-075857,cbip,003,0301,cbip, ,136,2,ContentExist,21.219.186.107,075857, ,47B74AC62B2F4ACBA2FFA37387FFD356,<?xml version="1.0" encoding="UTF-8"?><req><dataType>0107</dataType><uniqMetadata>0107|341227199202267135|�ºƶ�</uniqMetadata></req>
07:59:01,701,21.198.136.125-KS-075901,cbip,003,0301,cbip, ,320,3,ApplyAddrHandler,21.198.136.125,075901, ,10F2334207E4488F8811EC067515EF4F,<?xml version="1.0" encoding="UTF-8"?><req><socketIp></socketIp><socketPort></socketPort><ftpIp></ftpIp><ftpPort></ftpPort><ftpPath></ftpPath><originaltext>01234567890123456789012345678901234567</originaltext><ciphertext>4f598233c4e86579231924378219a9a0e94b621a94514659948da7d76555316432af41beca3db260</ciphertext></req>
07:59:01,773,21.198.136.125-KS-075901,cbip,003,0301,cbip, ,125,2,ContentExist,21.198.136.125,075901, ,38884B4945084CAD884E287C01C66145,<?xml version="1.0" encoding="UTF-8"?><req><dataType>0107</dataType><uniqMetadata>0107|0444637147|����</uniqMetadata></req>
07:59:04,303,21.164.166.197-KS-075904,cbip,003,0301,cbip, ,320,3,ApplyAddrHandler,21.164.166.197,075904, ,7DBABC97C5CC444F9F450FE9F9EF69D8,<?xml version="1.0" encoding="UTF-8"?><req><socketIp></socketIp><socketPort></socketPort><ftpIp></ftpIp><ftpPort></ftpPort><ftpPath></ftpPath><originaltext>01234567890123456789012345678901234567</originaltext><ciphertext>4f598233c4e86579231924378219a9a0e94b621a94514659948da7d76555316432af41beca3db260</ciphertext></req>
07:59:04,376,21.164.166.197-KS-075904,cbip,003,0301,cbip, ,136,2,ContentExist,21.164.166.197,075904, ,A10B7139D48747889FA0E298ED3D8B5A,<?xml version="1.0" encoding="UTF-8"?><req><dataType>0107</dataType><uniqMetadata>0107|320524195810020536|�»ݸ�</uniqMetadata></req>
